id,etiqueta,categoria,estilo,asunto,cuerpo,texto_normalizado,palabras_objetivo
ent_001,spam,una oferta fraudulenta demasiado buena para ser verdad,breve y directo,Oferta especial de Kaelor,"Nuestro equipo de Kaelor ha detectado que tu cuenta tiene un descuento pendiente. Para activar esta mejora, envía tus datos personales al formulario web. A continuación, confirma tu contraseña para verificar tu identidad. Este proceso es sencillo y rápido. Gracias por confiar en nosotros.",oferta especial kaelor equipo kaelor detectado cuenta tiene descuento pendiente activar mejora envia datos personales formulario web continuacion confirma contraseña verificar identidad proceso sencillo rapido gracias confiar nosotros,equipo|cuenta|descuento|datos|contraseña
ent_002,ham,un correo de trabajo entre colegas,formal,Actualización de accesos en la plataforma interna,"Hola, necesito que revises la configuración de tu cuenta en el sistema de gestión. Por favor, confirma que los permisos asignados sean los correctos para tu rol actual. Si detectas alguna discrepancia, avísame para corregirla a la brevedad posible. Agradezco tu colaboración en esta tarea de mantenimiento rutinario. Quedo a la espera de tu respuesta para cerrar este trámite.",actualizacion accesos plataforma interna hola necesito revises configuracion cuenta sistema gestion favor confirma permisos asignados sean correctos rol actual detectas alguna discrepancia avisame corregirla brevedad posible agradezco colaboracion tarea mantenimiento rutinario quedo espera respuesta cerrar tramite,cuenta
ent_003,spam,un aviso falso de un paquete retenido en aduana,breve y directo,Aviso de retención aduanera y felicitaciones,"Tu paquete sigue retenido en aduana, por lo que necesitas una resolución inmediato. Ahora confirma tus datos para activar el portal de Zeta Express. Al completar el proceso, obtendrás un descuento especial en tu próxima compra. Además, tendrás acceso a la comunidad de clientes donde compartimos ofertas gratis. Da clic en el enlace para finalizar este trámite. Esperamos tu respuesta hoy mismo.",aviso retencion aduanera felicitaciones paquete sigue retenido aduana necesitas resolucion inmediato ahora confirma datos activar portal zeta express completar proceso obtendras descuento especial proxima compra ademas tendras acceso comunidad clientes donde compartimos ofertas gratis da clic enlace finalizar tramite esperamos respuesta hoy mismo,felicitaciones|gratis|inmediato|comunidad|descuento|datos|clic
ent_004,ham,una promoción legítima de una tienda donde la persona ya es cliente,formal,Actualización de condiciones y beneficios activos,"Queremos informarte que hemos actualizado nuestras políticas de servicio para mejorar tu experiencia. Como cliente fiel, tienes un descuento reservado para tu próxima compra en la web. Te sugerimos revisar la sección de ayuda para confirmar los detalles del pago y las condiciones aplicables. Nuestro equipo está disponible para resolver cualquier duda que tengas al respecto. Participarás en una reunión informativa virtual donde se explicarán los cambios operativos. Por favor, revisa tu bandeja de entrada para acceder al enlace de confirmación.",actualizacion condiciones beneficios activos queremos informarte hemos actualizado politicas servicio mejorar experiencia cliente fiel tienes descuento reservado proxima compra web sugerimos revisar seccion ayuda confirmar detalles pago condiciones aplicables equipo disponible resolver cualquier duda tengas respecto participaras reunion informativa virtual donde explicaran cambios operativos favor revisa bandeja entrada acceder enlace confirmacion,reunion|equipo|politicas|pago|descuento
ent_005,spam,un aviso falso de un paquete retenido en aduana,cercano e informal,Aviso urgente sobre tu paquete,"Hola, tu envío está retenido y necesitas resolverlo de inmediato para evitar más esperas. Te he reservado un acceso exclusivo al panel del equipo de logística de Zephyr Express para que lo confirmes gratis. Revisa tu cuenta ahora mismo para activar el premio y seguir el proceso sin problemas.",aviso urgente sobre paquete hola envio retenido necesitas resolverlo inmediato evitar mas esperas he reservado acceso exclusivo panel equipo logistica zephyr express confirmes gratis revisa cuenta ahora mismo activar premio seguir proceso sin problemas,equipo|urgente|gratis|inmediato|cuenta|exclusivo|premio
ent_006,ham,un correo de trabajo entre colegas,breve y directo,Seguimiento de la reunión y factura,"Hola, necesito que revises la factura que te envié ayer para confirmar que los detalles son correctos. Recuerda aplicar el descuento que acordamos en la última reunión. Cuando termines, avísame para poder cerrar el archivo. Si tienes alguna duda, escríbeme directamente. Gracias por tu apoyo.",seguimiento reunion factura hola necesito revises factura envie ayer confirmar detalles correctos recuerda aplicar descuento acordamos ultima reunion cuando termines avisame poder cerrar archivo tienes alguna duda escribeme directamente gracias apoyo,reunion|factura|descuento
ent_007,spam,un intento de phishing que se hace pasar por un banco,formal,Notificación urgente de VexBank sobre tus políticas,"Debes confirmar tu estatus hoy mismo, ya que eres el ganador de una asignación de dinero por parte de VexBank. Este proceso es urgente y forma parte de nuestras políticas de seguridad interna. Envía tu verificación ahora.",notificacion urgente vexbank sobre politicas debes confirmar estatus hoy mismo eres ganador asignacion dinero parte vexbank proceso urgente forma parte politicas seguridad interna envia verificacion ahora,ganador|dinero|urgente|politicas
ent_008,spam,un sorteo o lotería falsa que asegura que la persona ganó algo,breve y directo,Urgente: Tu cuenta está lista,Revisa tu cuenta hoy mismo porque tienes un bono gratis pendiente. Actúa con urgencia para confirmar los detalles.,urgente cuenta lista revisa cuenta hoy mismo porque tienes bono gratis pendiente actua urgencia confirmar detalles,gratis|urgente|cuenta
ent_009,spam,una oferta fraudulenta demasiado buena para ser verdad,formal,Notificación de verificación de identidad,"Estimado participante de nuestra comunidad, nos complace informarte que eres el ganador de un premio. Por favor, confirma tu contraseña en el portal de ZetaCorp para completar la validación. Revisa tu factura asociada al proceso antes de finalizar la sesión. Este procedimiento garantiza la integridad de la operación. Quedamos a tu disposición para cualquier aclaración necesaria.",notificacion verificacion identidad estimado participante comunidad complace informarte eres ganador premio favor confirma contraseña portal zetacorp completar validacion revisa factura asociada proceso antes finalizar sesion procedimiento garantiza integridad operacion quedamos disposicion cualquier aclaracion necesaria,ganador|premio|comunidad|factura|contraseña
ent_010,spam,un intento de phishing que se hace pasar por un banco,breve y directo,Verificación de perfil en BancaZeta,"Detectamos una irregularidad en tu perfil de BancaZeta. Por tu seguridad, confirma tus datos hoy mismo. Este proceso es exclusivo para clientes activos como tú. Al finalizar, recibirás felicitaciones por tu diligencia. No demores en realizar este trámite.",verificacion perfil bancazeta detectamos irregularidad perfil bancazeta seguridad confirma datos hoy mismo proceso exclusivo clientes activos finalizar recibiras felicitaciones diligencia no demores realizar tramite,felicitaciones|exclusivo|datos
ent_011,ham,una confirmación de compra de una tienda en línea,formal,Confirmación de tu compra en VelozStore,Te confirmamos que hemos registrado tu pedido correctamente. Hemos aplicado el descuento solicitado a tu total. Te enviamos el seguimiento de envío en breve.,confirmacion compra velozstore confirmamos hemos registrado pedido correctamente hemos aplicado descuento solicitado total enviamos seguimiento envio breve,descuento
ent_012,ham,una alerta de seguridad real de un banco a su cliente,cercano e informal,Recordatorio sobre tu reunión y el pago,"Hola, te escribimos para recordarte que hoy tienes una reunión programada. Aprovecha el momento para confirmar que el pago fue realizado correctamente.",recordatorio sobre reunion pago hola escribimos recordarte hoy tienes reunion programada aprovecha momento confirmar pago fue realizado correctamente,reunion|pago
ent_013,ham,una alerta de seguridad real de un banco a su cliente,breve y directo,Alerta de seguridad en tu cuenta,"Hemos detectado una actividad inusual en tu cuenta. Por favor, revisa los detalles para confirmar si es válido. Si no reconoces la operación, contacta a nuestro soporte. Te pedimos que mantengas tus credenciales a salvo. Gracias por tu diligencia.",alerta seguridad cuenta hemos detectado actividad inusual cuenta favor revisa detalles confirmar valido no reconoces operacion contacta soporte pedimos mantengas credenciales salvo gracias diligencia,cuenta
ent_014,spam,una oferta fraudulenta demasiado buena para ser verdad,cercano e informal,Tu oportunidad exclusiva está lista,"Hola, felicitaciones porque eres el ganador de un acceso exclusivo. Te aviso que este dinero viene con un pago cero y todo es gratis para ti. No pierdas tiempo, porque tienes acceso inmediato a esta oferta de Zorba Global. Confirma que quieres el paquete y lo enviaremos hoy mismo. Revisa tu bandeja para ver los detalles de tu sorteo.",oportunidad exclusiva lista hola felicitaciones porque eres ganador acceso exclusivo aviso dinero viene pago cero todo gratis no pierdas tiempo porque tienes acceso inmediato oferta zorba global confirma quieres paquete enviaremos hoy mismo revisa bandeja ver detalles sorteo,felicitaciones|ganador|gratis|dinero|inmediato|exclusivo|pago
ent_015,ham,el boletín informativo de una comunidad u organización,cercano e informal,Novedades de la asociación Verde,"Hola, aquí te compartimos las últimas novedades de la asociación Verde. Recuerda que siempre protegemos tus datos para asegurar tu privacidad. Por seguridad, te recomendamos que evita hacer clic en enlaces sospechosos. Esperamos que disfrutes mucho de este resumen mensual. Nos vemos pronto en la próxima jornada de voluntariado.",novedades asociacion verde hola aqui compartimos ultimas novedades asociacion verde recuerda siempre protegemos datos asegurar privacidad seguridad recomendamos evita hacer clic enlaces sospechosos esperamos disfrutes mucho resumen mensual vemos pronto proxima jornada voluntariado,datos|clic
ent_016,ham,una alerta de seguridad real de un banco a su cliente,breve y directo,Alerta de seguridad en tu perfil,Detectamos actividad sospechosa en tu sesión; revisa los detalles ahora. Recuerda que nunca pediremos tus datos. No olvides aplicar el descuento disponible y guarda tu regalo digital.,alerta seguridad perfil detectamos actividad sospechosa sesion revisa detalles ahora recuerda nunca pediremos datos no olvides aplicar descuento disponible guarda regalo digital,regalo|descuento|datos
ent_017,spam,un aviso falso de un paquete retenido en aduana,formal,Notificación de retención logística,"Nuestro sistema detecta que eres el ganador de un acceso exclusivo para regularizar tu cuenta. Por favor, actualiza tus datos para evitar demoras adicionales en el proceso.",notificacion retencion logistica sistema detecta eres ganador acceso exclusivo regularizar cuenta favor actualiza datos evitar demoras adicionales proceso,ganador|exclusivo|cuenta|datos
ent_018,ham,el boletín informativo de una comunidad u organización,cercano e informal,Novedades de la semana,"Hola, quiero que sepas que tu cuenta sigue al día con las últimas actualizaciones. Te dejo un resumen breve para que lo revises cuando tengas un momento.",novedades semana hola quiero sepas cuenta sigue dia ultimas actualizaciones dejo resumen breve revises cuando tengas momento,cuenta
ent_019,spam,un intento de phishing que se hace pasar por un banco,breve y directo,Verificación de cuenta en Banco Solvencia,"Detectamos un intento de pago no autorizado en tu cuenta. Por tu seguridad, debes actualiza tus datos hoy mismo. Este proceso te otorga acceso exclusivo a tus fondos sin coste. Confirma la operación para evitar el bloqueo definitivo. Eres el ganador de una revisión gratis si actúas ahora. Ingrese sus datos en la plataforma segura.",verificacion cuenta banco solvencia detectamos intento pago no autorizado cuenta seguridad debes actualiza datos hoy mismo proceso otorga acceso exclusivo fondos sin coste confirma operacion evitar bloqueo definitivo eres ganador revision gratis actuas ahora ingrese datos plataforma segura,ganador|gratis|exclusivo|cuenta|pago|datos
ent_020,spam,un intento de phishing que se hace pasar por un banco,formal,Verificación de cuenta requerida por Banco Vortex,"Estimado cliente de Banco Vortex, detectamos una irregularidad en el acceso a tu cuenta. Para proteger tu dinero y mantener tu pago activo, es necesario que actualiza tus datos. Este proceso es totalmente gratis y te otorgará un descuento en comisiones futuras. Por favor, confirma la acción desde el panel seguro indicado. Quedamos a la espera de tu respuesta para finalizar el trámite.",verificacion cuenta requerida banco vortex estimado cliente banco vortex detectamos irregularidad acceso cuenta proteger dinero mantener pago activo necesario actualiza datos proceso totalmente gratis otorgara descuento comisiones futuras favor confirma accion panel seguro indicado quedamos espera respuesta finalizar tramite,gratis|dinero|cuenta|pago|descuento|datos
ent_021,ham,una confirmación de compra de una tienda en línea,formal,Confirmación de compra en Vestiría Nova,"Gracias por tu compra, hemos registrado el pedido correctamente. Nuestro equipo te contactará para una reunión de seguimiento si es necesario. Recuerda que protegemos tus datos en cada proceso. Este descuento ya se aplicó en tu total. Te enviaremos un informe de seguimiento pronto.",confirmacion compra vestiria nova gracias compra hemos registrado pedido correctamente equipo contactara reunion seguimiento necesario recuerda protegemos datos cada proceso descuento aplico total enviaremos informe seguimiento pronto,reunion|informe|equipo|descuento|datos
ent_022,spam,una oferta fraudulenta demasiado buena para ser verdad,breve y directo,Acceso exclusivo disponible,Tienes acceso exclusivo a tu cuenta ahora mismo. Confirmas de inmediato para ver el dinero disponible. Revisa tu estado hoy.,acceso exclusivo disponible tienes acceso exclusivo cuenta ahora mismo confirmas inmediato ver dinero disponible revisa estado hoy,dinero|inmediato|exclusivo|cuenta
ent_023,spam,un intento de phishing que se hace pasar por un banco,cercano e informal,Tu regalo exclusivo de la comunidad,"Hola, te hemos reservado un acceso exclusivo a este bono de dinero gratis para toda la comunidad. Solo tienes que confirmar tu interés de inmediato para activar tu regalo.",regalo exclusivo comunidad hola hemos reservado acceso exclusivo bono dinero gratis toda comunidad solo tienes confirmar interes inmediato activar regalo,gratis|dinero|inmediato|exclusivo|regalo|comunidad
ent_024,ham,una alerta de seguridad real de un banco a su cliente,formal,Aviso de seguridad de Bancos del Norte,Detectamos una reunión inusual en tu comunidad que requiere tu confirmación. Revisa el estado de tu pago para aplicar el descuento disponible.,aviso seguridad bancos norte detectamos reunion inusual comunidad requiere confirmacion revisa estado pago aplicar descuento disponible,comunidad|reunion|pago|descuento
ent_025,ham,una promoción legítima de una tienda donde la persona ya es cliente,formal,Novedades en tu tienda de confianza,"Estimado cliente de Veloria, te escribimos para informarte sobre la nueva colección que hemos añadido a nuestro catálogo. Queremos que disfrutes de una experiencia de compra personalizada y cómoda. Por eso, hemos preparado una oferta especial donde un producto seleccionado es gratis para ti. Además, encontrarás un equipo de asesoría disponible para resolver cualquier duda que tengas. Te invitamos a revisar las novedades y confirmar tu interés a tu ritmo.",novedades tienda confianza estimado cliente veloria escribimos informarte sobre nueva coleccion hemos añadido catalogo queremos disfrutes experiencia compra personalizada comoda hemos preparado oferta especial donde producto seleccionado gratis ademas encontraras equipo asesoria disponible resolver cualquier duda tengas invitamos revisar novedades confirmar interes ritmo,gratis|equipo
ent_026,ham,una confirmación de compra de una tienda en línea,cercano e informal,Tu pedido está listo,¡Hola! Tu pago se procesó de inmediato y tu factura ya está disponible en tu cuenta. Recuerda que nunca compartas tu contraseña con nadie. ¡Gracias por ser parte de nuestra comunidad!,pedido listo hola pago proceso inmediato factura disponible cuenta recuerda nunca compartas contraseña nadie gracias ser parte comunidad,inmediato|comunidad|factura|cuenta|pago|contraseña
ent_027,spam,un cobro falso para que la persona pague o entregue información,cercano e informal,Notificación urgente para el ganador,"Hola, te escribimos de la empresa FintaSol para avisarte que eres el ganador de una verificación de identidad. Necesitamos que confirmes tu nombre completo y ciudad de residencia hoy mismo. Es una situación urgente, así que te pedimos que no lo dejes para después. Solo debes enviar esa información básica. Gracias por tu colaboración rápida.",notificacion urgente ganador hola escribimos empresa fintasol avisarte eres ganador verificacion identidad necesitamos confirmes nombre completo ciudad residencia hoy mismo situacion urgente asi pedimos no dejes despues solo debes enviar informacion basica gracias colaboracion rapida,ganador|urgente
ent_028,spam,un cobro falso para que la persona pague o entregue información,cercano e informal,"Tu premio está listo, actualiza tus datos hoy","Oye, eres el ganador de un premio y necesitas hacer el pago de inmediato para recibirlo. Por favor, actualiza tus datos en el portal de ZetaCorp para confirmar tu identidad. Confirma esta acción hoy mismo para evitar perder el acceso.",premio listo actualiza datos hoy oye eres ganador premio necesitas hacer pago inmediato recibirlo favor actualiza datos portal zetacorp confirmar identidad confirma accion hoy mismo evitar perder acceso,ganador|premio|inmediato|pago|datos
ent_029,spam,un cobro falso para que la persona pague o entregue información,cercano e informal,Tu identidad está en riesgo,"Hola, soy Carlos de la firma VexaLink y me comunico contigo porque tu cuenta parece tener actividad sospechosa. Necesitas confirmar que eres el ganador de una verificación interna para proteger tus registros. Si no lo haces pronto, tu acceso podría verse limitado por seguridad. Revisa tu estado aquí y actúa hoy para evitar contratiempos. Confía en este proceso para mantener tu perfil activo.",identidad riesgo hola soy carlos firma vexalink comunico contigo porque cuenta parece tener actividad sospechosa necesitas confirmar eres ganador verificacion interna proteger registros no haces pronto acceso podria verse limitado seguridad revisa estado aqui actua hoy evitar contratiempos confia proceso mantener perfil activo,ganador|cuenta
ent_030,ham,una confirmación de compra de una tienda en línea,formal,Confirmación de tu pedido en VelaNova,Tu compra se ha procesado correctamente y puedes revisar los detalles en la factura que recibiste por separado. En VelaNova protegemos tus datos con estrictas medidas de seguridad. Gracias por elegirnos.,confirmacion pedido velanova compra procesado correctamente puedes revisar detalles factura recibiste separado velanova protegemos datos estrictas medidas seguridad gracias elegirnos,factura|datos
ent_031,spam,un cobro falso para que la persona pague o entregue información,cercano e informal,Aviso de Cobranza,"Hola, necesitas actuar de forma urgente para regularizar tu situación con la empresa Ficticia. Revisa el documento adjunto y confirma la transacción hoy mismo. Gracias por tu colaboración.",aviso cobranza hola necesitas actuar forma urgente regularizar situacion empresa ficticia revisa documento adjunto confirma transaccion hoy mismo gracias colaboracion,urgente
ent_032,ham,una confirmación de compra de una tienda en línea,breve y directo,Confirmación de compra,Tu pedido en la tienda Valora se ha procesado con éxito. Puedes verificar el estado de tu cuenta en la web. Te enviamos un informe detallado adjunto para tu referencia.,confirmacion compra pedido tienda valora procesado exito puedes verificar estado cuenta web enviamos informe detallado adjunto referencia,informe|cuenta
ent_033,spam,una oferta fraudulenta demasiado buena para ser verdad,formal,Notificación de premio disponible,Te hemos seleccionado para recibir un premio de alto valor. Debes confirmar tu interés de inmediato para no perder esta oportunidad única. Envía un correo a soporte@vortexpremios.net para activar el acceso inmediato. Este proceso es completamente seguro y confiable. No pierdas el tiempo revisando nuestra oferta destacada.,notificacion premio disponible hemos seleccionado recibir premio alto valor debes confirmar interes inmediato no perder oportunidad unica envia correo soporte vortexpremios net activar acceso inmediato proceso completamente seguro confiable no pierdas tiempo revisando oferta destacada,premio|inmediato
ent_034,spam,un aviso falso de un paquete retenido en aduana,cercano e informal,Tu paquete está retenido en aduana,"Hola, soy Ana de la empresa ficticia LogiMax y te escribo porque eres el ganador de una reunión de seguimiento sobre tu envío. Te pido que envía tus datos para que podamos liberar la carga y resolver la situación lo antes posible.",paquete retenido aduana hola soy ana empresa ficticia logimax escribo porque eres ganador reunion seguimiento sobre envio pido envia datos podamos liberar carga resolver situacion antes posible,ganador|reunion|datos
ent_035,ham,un correo de trabajo entre colegas,breve y directo,Preparación de la reunión,"Hola, necesito que revises los documentos antes de la reunión de mañana. Además, recuerda que tenemos acceso exclusivo a la nueva plataforma de la comunidad. Por favor, confirma si te funciona bien el sistema. Si tienes dudas, dime y lo resolvemos. Gracias por tu ayuda.",preparacion reunion hola necesito revises documentos antes reunion mañana ademas recuerda tenemos acceso exclusivo nueva plataforma comunidad favor confirma funciona bien sistema tienes dudas dime resolvemos gracias ayuda,exclusivo|comunidad|reunion
ent_036,spam,un intento de phishing que se hace pasar por un banco,formal,Notificación urgente de ganador,"En Banco Ficticio, te avisamos que eres el ganador de un pago gratis. Ingresa tu contraseña para validar este proceso urgente.",notificacion urgente ganador banco ficticio avisamos eres ganador pago gratis ingresa contraseña validar proceso urgente,ganador|gratis|urgente|pago|contraseña
ent_037,spam,un aviso falso de un paquete retenido en aduana,formal,Notificación urgente de retención en aduana,"Tu paquete ha sido retenido en aduana por irregularidades de documentación. Para liberarlo de inmediato, confirma tus datos en el sistema de VexaLog y asegura el premio de envío prioritario. Debes realizar un pago de gestión para activar el trámite sin costo adicional. Tienes acceso gratis al formulario de verificación durante las próximas horas. Da clic en el enlace para completar la información requerida. Te pedimos atención inmediata para evitar el decomiso final.",notificacion urgente retencion aduana paquete sido retenido aduana irregularidades documentacion liberarlo inmediato confirma datos sistema vexalog asegura premio envio prioritario debes realizar pago gestion activar tramite sin costo adicional tienes acceso gratis formulario verificacion durante proximas horas da clic enlace completar informacion requerida pedimos atencion inmediata evitar decomiso final,premio|pago|urgente|gratis|inmediato|datos|clic
ent_038,ham,el boletín informativo de una comunidad u organización,cercano e informal,Resumen del mes en VerdeHoja,"Hola, espero que estés muy bien. Quería contarte que ya tienes la factura actualizada en tu cuenta personal. Además, aplicamos un descuento por ser miembro activo este trimestre. Revisa los detalles cuando tengas un momento libre. Gracias por tu apoyo constante. Un abrazo de la organización VerdeHoja.",resumen mes verdehoja hola espero estes muy bien queria contarte tienes factura actualizada cuenta personal ademas aplicamos descuento ser miembro activo trimestre revisa detalles cuando tengas momento libre gracias apoyo constante abrazo organizacion verdehoja,factura|cuenta|descuento
ent_039,spam,una oferta fraudulenta demasiado buena para ser verdad,formal,Aviso de verificación,"Confirma tus datos para validar la factura asociada a tu premio. Por favor, haz clic aquí para completar el proceso. Finalmente, confirma tu contraseña para recibir el regalo.",aviso verificacion confirma datos validar factura asociada premio favor haz clic aqui completar proceso finalmente confirma contraseña recibir regalo,premio|regalo|factura|datos|clic|contraseña
ent_040,ham,un correo de trabajo entre colegas,breve y directo,Actualización de políticas y cuenta,Necesito que revises la nueva cuenta para asegurar que el pago se procese según las políticas. Confirma cuando lo tengas listo.,actualizacion politicas cuenta necesito revises nueva cuenta asegurar pago procese segun politicas confirma cuando tengas listo,politicas|cuenta|pago
ent_041,ham,una promoción legítima de una tienda donde la persona ya es cliente,breve y directo,Tu informe y factura en la comunidad,Ya puedes descargar tu factura y el informe de tu pedido desde la comunidad de la tienda. Este servicio de verificación es gratis y protegemos tus datos.,informe factura comunidad puedes descargar factura informe pedido comunidad tienda servicio verificacion gratis protegemos datos,gratis|comunidad|informe|factura|datos
ent_042,spam,un intento de phishing que se hace pasar por un banco,formal,Verificación de seguridad necesaria,"Queremos notificarte que eres el ganador de una oportunidad especial. Este proceso te permitirá obtener dinero gratis sin complicaciones. Por favor, revisa la situación con calma y sin prisa. Cuando estés listo, haz clic aquí para continuar. Confirma tus detalles para asegurar el beneficio. Agradecemos tu atención.",verificacion seguridad necesaria queremos notificarte eres ganador oportunidad especial proceso permitira obtener dinero gratis sin complicaciones favor revisa situacion calma sin prisa cuando estes listo haz clic aqui continuar confirma detalles asegurar beneficio agradecemos atencion,ganador|gratis|dinero|clic
ent_043,spam,un sorteo o lotería falsa que asegura que la persona ganó algo,formal,Notificación oficial de selección,"Recibe nuestras felicitaciones por haber sido seleccionado como el ganador del sorteo de Valoria Internacional. Debes confirmar tu identidad para acceder al dinero asignado. Por favor, revisa la factura adjunta y da clic en el enlace para completar el proceso. Recuerda que ingresa tu contraseña solo en la plataforma verificada por el usuario local. Este requerimiento es de carácter inmediato y no admite postergaciones.",notificacion oficial seleccion recibe felicitaciones haber sido seleccionado ganador sorteo valoria internacional debes confirmar identidad acceder dinero asignado favor revisa factura adjunta da clic enlace completar proceso recuerda ingresa contraseña solo plataforma verificada usuario local requerimiento caracter inmediato no admite postergaciones,dinero|factura|inmediato|felicitaciones|ganador|clic|contraseña
ent_044,ham,una confirmación de compra de una tienda en línea,breve y directo,Confirmación de compra,Gracias por tu pedido en Nubos Shop. Hemos registrado el pago y activado tu cuenta. El descuento aplicado ya está incluido en el total final. Revisa el detalle en la sección de compras. Enviamos el seguimiento cuando el paquete salga. Gracias por tu confianza.,confirmacion compra gracias pedido nubos shop hemos registrado pago activado cuenta descuento aplicado incluido total final revisa detalle seccion compras enviamos seguimiento cuando paquete salga gracias confianza,cuenta|pago|descuento
ent_045,ham,una promoción legítima de una tienda donde la persona ya es cliente,breve y directo,Actualización de tu pedido en Valora Store,Tu pago se procesó correctamente y el pedido está en camino. Protegemos tus datos para garantizar tu seguridad. Nunca compartas tu contraseña con nadie. Revisa el estado del envío en cualquier momento. Gracias por seguir confiando en nosotros.,actualizacion pedido valora store pago proceso correctamente pedido camino protegemos datos garantizar seguridad nunca compartas contraseña nadie revisa estado envio cualquier momento gracias seguir confiando nosotros,pago|datos|contraseña
ent_046,spam,un intento de phishing que se hace pasar por un banco,cercano e informal,Actualización de tu información en Bankoza,"Hola, soy Laura de Bankoza. Necesitamos que confirmes tu pago antes de fin de mes para evitar inconvenientes. Por favor, revisa tu estado actual en la plataforma nueva. Si tienes dudas, escríbenos al correo soportebankoza@ejemplo.com. Gracias por tu confianza.",actualizacion informacion bankoza hola soy laura bankoza necesitamos confirmes pago antes fin mes evitar inconvenientes favor revisa estado actual plataforma nueva tienes dudas escribenos correo soportebankoza ejemplo com gracias confianza,pago
ent_047,ham,una confirmación de compra de una tienda en línea,breve y directo,Confirmación de tu compra en Valora Shop,Tu compra en Valora Shop está confirmada. Revisa la factura desde tu cuenta para detallar la reunión de entrega.,confirmacion compra valora shop compra valora shop confirmada revisa factura cuenta detallar reunion entrega,reunion|factura|cuenta
ent_048,spam,un aviso falso de un paquete retenido en aduana,breve y directo,Tu factura de envío está lista,"Tu paquete sigue retenido en aduana según la nueva normativa. Para liberarlo, haz clic aquí y envía tus datos de contacto. Te atenderá el agente Velasquez.",factura envio lista paquete sigue retenido aduana segun nueva normativa liberarlo haz clic aqui envia datos contacto atendera agente velasquez,factura|datos|clic
ent_049,spam,un cobro falso para que la persona pague o entregue información,cercano e informal,Alerta de verificación en VexaCorp,"Hola, necesito que actúes con carácter urgente porque detectamos una anomalía en tus registros. Para evitar problemas con tu dinero, tienes que confirma tus datos hoy mismo. Por favor, ingresa tu contraseña en el portal seguro de VexaCorp para verificar tu identidad. Si no completas este paso, tu perfil quedará bloqueado sin previo aviso. Gracias por tu colaboración.",alerta verificacion vexacorp hola necesito actues caracter urgente porque detectamos anomalia registros evitar problemas dinero tienes confirma datos hoy mismo favor ingresa contraseña portal seguro vexacorp verificar identidad no completas paso perfil quedara bloqueado sin previo aviso gracias colaboracion,dinero|urgente|datos|contraseña
ent_050,spam,un sorteo o lotería falsa que asegura que la persona ganó algo,cercano e informal,Tu premio gratis te espera,Tienes acceso inmediato a tu premio gratis. envía tus datos para emitir la factura de inmediato.,premio gratis espera tienes acceso inmediato premio gratis envia datos emitir factura inmediato,premio|gratis|inmediato|factura|datos
ent_051,spam,un aviso falso de un paquete retenido en aduana,breve y directo,Aviso urgente de retención,"Tu paquete con VortexExpress sigue retenido en aduana y necesitas resolverlo de inmediato. La tarifa por liberación es gratis, pero debes actuar sin dilaciones para evitar la pérdida definitiva. No se requiere ningún dinero adicional por parte del servicio postal, solo tu verificación. envía tus datos al buzón ficticio para desbloquear el acceso inmediato. Esperamos tu confirmación hoy mismo.",aviso urgente retencion paquete vortexexpress sigue retenido aduana necesitas resolverlo inmediato tarifa liberacion gratis debes actuar sin dilaciones evitar perdida definitiva no requiere ningun dinero adicional parte servicio postal solo verificacion envia datos buzon ficticio desbloquear acceso inmediato esperamos confirmacion hoy mismo,gratis|dinero|urgente|inmediato|datos
ent_052,spam,un sorteo o lotería falsa que asegura que la persona ganó algo,cercano e informal,¡Ganaste!,"¡felicitaciones, eres el ganador del premio gratis de ZetaCorp! Te esperamos en la reunión para hacer el pago de la entrega. da clic en el enlace para confirmar.",ganaste felicitaciones eres ganador premio gratis zetacorp esperamos reunion hacer pago entrega da clic enlace confirmar,pago|felicitaciones|reunion|gratis|premio|ganador|clic
ent_053,spam,una oferta fraudulenta demasiado buena para ser verdad,cercano e informal,Acceso inmediato disponible,"Oye, te escribo porque hay una oportunidad muy interesante para tu cuenta. Necesito que actúes de forma urgente y de inmediato. Por favor, envía tus datos para completar el proceso. Confirma que quieres seguir adelante con esto. Revisa tu bandeja de entrada para más detalles.",acceso inmediato disponible oye escribo porque oportunidad muy interesante cuenta necesito actues forma urgente inmediato favor envia datos completar proceso confirma quieres seguir adelante revisa bandeja entrada mas detalles,urgente|inmediato|cuenta|datos
ent_054,ham,un correo de trabajo entre colegas,formal,Coordinación de tareas semanales,"Hola, espero que estés bien. Quería pedirte que revises la última entrega del proyecto de la comunidad de Valora Soluciones antes del viernes. Es importante que confirmes si hay algún detalle pendiente para poder avanzar con las siguientes etapas. Por favor, envía tu respuesta cuando tengas un momento. Agradezco tu apoyo en este proceso.",coordinacion tareas semanales hola espero estes bien queria pedirte revises ultima entrega proyecto comunidad valora soluciones antes viernes importante confirmes algun detalle pendiente poder avanzar siguientes etapas favor envia respuesta cuando tengas momento agradezco apoyo proceso,comunidad
ent_055,spam,un intento de phishing que se hace pasar por un banco,formal,Verificación de tu cuenta en Banco Vortexa,Necesitas actualiza tus datos para proteger tu cuenta y evitar restricciones en tu dinero. Este proceso es gratis y solo toma un momento de tu tiempo. Confirma tu identidad hoy mismo.,verificacion cuenta banco vortexa necesitas actualiza datos proteger cuenta evitar restricciones dinero proceso gratis solo toma momento tiempo confirma identidad hoy mismo,gratis|dinero|cuenta|datos
ent_056,spam,un cobro falso para que la persona pague o entregue información,breve y directo,Revisa tu nueva factura,Tu factura de la empresa Zorba está lista para que confirmes tu dinero. Aprovecha este regalo gratis y haz clic aquí para enviar tu información personal a Mirela Voss.,revisa nueva factura factura empresa zorba lista confirmes dinero aprovecha regalo gratis haz clic aqui enviar informacion personal mirela voss,gratis|dinero|regalo|factura|clic
ent_057,ham,una confirmación de compra de una tienda en línea,cercano e informal,Tu pedido está listo,"Hola, tu equipo ya está en camino y lo tienes registrado en tu cuenta. Recuerda aplicar tu descuento al finalizar la compra si te queda alguno pendiente. ¡Gracias por confiar en nosotros!",pedido listo hola equipo camino tienes registrado cuenta recuerda aplicar descuento finalizar compra queda alguno pendiente gracias confiar nosotros,equipo|cuenta|descuento
ent_058,ham,una promoción legítima de una tienda donde la persona ya es cliente,cercano e informal,Tu descuento y más detalles,"Hola, te escribo para avisarte que tienes un descuento activo en la tienda. En nuestra próxima reunión repasaremos cómo aplicar ese descuento a tu compra. Además, te contaremos cómo funciona el sistema de dinero en efectivo al finalizar la transacción.",descuento mas detalles hola escribo avisarte tienes descuento activo tienda proxima reunion repasaremos aplicar descuento compra ademas contaremos funciona sistema dinero efectivo finalizar transaccion,dinero|reunion|descuento
ent_059,spam,un aviso falso de un paquete retenido en aduana,breve y directo,Aviso: paquete retenido en aduana por Zorro Logistics,Tu envío está retenido en la aduana y se requiere que ingresa tu contraseña para liberarlo. Al completar este paso tendrás acceso exclusivo y recibirás un regalo gratis.,aviso paquete retenido aduana zorro logistics envio retenido aduana requiere ingresa contraseña liberarlo completar paso tendras acceso exclusivo recibiras regalo gratis,gratis|exclusivo|regalo|contraseña
ent_060,spam,una oferta fraudulenta demasiado buena para ser verdad,cercano e informal,¡Mira esto! Eres el ganador,"Oye, me enteré que eres el ganador de un viaje gratis a la playa. Solo confirma tu identidad en la página web de Zephyr Travel para reclamarlo hoy mismo.",mira eres ganador oye entere eres ganador viaje gratis playa solo confirma identidad pagina web zephyr travel reclamarlo hoy mismo,ganador|gratis
ent_061,spam,una oferta fraudulenta demasiado buena para ser verdad,cercano e informal,Tu premio te espera,"Hola, ¿sabías que ganaste un premio increíble? Todo el dinero está gratis para ti. Tienes acceso exclusivo a esta oferta. No necesitas enviar ninguna factura. Solo haz clic aquí y luego confirma tu contraseña para terminar.",premio espera hola sabias ganaste premio increible todo dinero gratis tienes acceso exclusivo oferta no necesitas enviar ninguna factura solo haz clic aqui luego confirma contraseña terminar,premio|gratis|dinero|exclusivo|factura|clic|contraseña
ent_062,spam,un cobro falso para que la persona pague o entregue información,cercano e informal,Felicitaciones por tu premio gratis,"Oye, has recibido felicitaciones porque te ha tocado un premio, pero es gratis y no pedimos nada. Te pido un informe rápido sobre tu cuenta para darte el descuento, y te lo digo urgente.",felicitaciones premio gratis oye recibido felicitaciones porque tocado premio gratis no pedimos nada pido informe rapido sobre cuenta darte descuento digo urgente,felicitaciones|premio|gratis|urgente|informe|cuenta|descuento
ent_063,ham,el boletín informativo de una comunidad u organización,formal,Resumen de actividades de Verano Verde,"Te confirmamos que la reunión se celebrará el viernes próximo. Por favor, verifica tu pago antes de esa fecha.",resumen actividades verano verde confirmamos reunion celebrara viernes proximo favor verifica pago antes fecha,reunion|pago
ent_064,ham,una alerta de seguridad real de un banco a su cliente,cercano e informal,Aviso de seguridad de tu plataforma,"Hola, te escribimos desde el banco Fénix para avisarte que detectamos un intento de acceso sospechoso en tu perfil. Te pedimos que revises tus movimientos recientes para confirmar que todo está en orden. Sabemos que esto puede ser molesto, pero tu tranquilidad es lo más importante para nuestra comunidad. Recuerda que los avisos de seguridad son siempre gratis y no requieren que envíes información sensible. Confía en nuestros procesos y mantén tu dispositivo al día para evitar sorpresas.",aviso seguridad plataforma hola escribimos banco fenix avisarte detectamos intento acceso sospechoso perfil pedimos revises movimientos recientes confirmar todo orden sabemos puede ser molesto tranquilidad mas importante comunidad recuerda avisos seguridad siempre gratis no requieren envies informacion sensible confia procesos manten dispositivo dia evitar sorpresas,gratis|comunidad
ent_065,ham,un correo de trabajo entre colegas,cercano e informal,Revisión de la factura y acceso inmediato,"Hola Marco, ¿cómo vas? Necesito que revises la factura que te pasé ayer porque tengo acceso inmediato al sistema desde hoy. Por favor, confirma que todo esté bien para poder avanzar. Recuerda que nunca pediremos tus datos por este medio, así que si algo te parece raro, no hagas clic en enlaces desconocidos. Avísame si tienes dudas y lo charlamos en un rato. Gracias por la ayuda, un abrazo.",revision factura acceso inmediato hola marco vas necesito revises factura pase ayer porque tengo acceso inmediato sistema hoy favor confirma todo bien poder avanzar recuerda nunca pediremos datos medio asi algo parece raro no hagas clic enlaces desconocidos avisame tienes dudas charlamos rato gracias ayuda abrazo,inmediato|factura|datos|clic
ent_066,spam,una oferta fraudulenta demasiado buena para ser verdad,breve y directo,Tu acceso exclusivo está listo,"Recibimos tus felicitaciones por alcanzar este nivel de confianza. Te otorgamos un acceso exclusivo para reclamar tu regalo. Solo debes revisar la factura adjunta y confirmarlo. Esta oferta es demasiado buena para ser verdad, así que actúa con cautela. Esperamos que aproveches esta oportunidad única.",acceso exclusivo listo recibimos felicitaciones alcanzar nivel confianza otorgamos acceso exclusivo reclamar regalo solo debes revisar factura adjunta confirmarlo oferta demasiado buena ser verdad asi actua cautela esperamos aproveches oportunidad unica,felicitaciones|exclusivo|regalo|factura
ent_067,spam,una oferta fraudulenta demasiado buena para ser verdad,formal,Notificación de éxito,"Felicitaciones, eres el ganador de un acceso exclusivo en nuestra plataforma. Te concedemos este beneficio gratis de inmediato. Te pedimos que confirmes tu participación con una factura interna. No necesitas interactuar con enlaces para activarlo. Por favor, revisa estos detalles con carácter urgente.",notificacion exito felicitaciones eres ganador acceso exclusivo plataforma concedemos beneficio gratis inmediato pedimos confirmes participacion factura interna no necesitas interactuar enlaces activarlo favor revisa detalles caracter urgente,felicitaciones|ganador|gratis|urgente|inmediato|exclusivo|factura
ent_068,spam,un intento de phishing que se hace pasar por un banco,formal,Aviso urgente sobre tu cuenta,"Necesitas actuar ya para evitar problemas con tu cuenta bancaria. Como eres el ganador de un descuento especial, debes confirmar el pago de la deuda pendiente hoy mismo. Revisa la situación ahora para proteger tus activos.",aviso urgente sobre cuenta necesitas actuar evitar problemas cuenta bancaria eres ganador descuento especial debes confirmar pago deuda pendiente hoy mismo revisa situacion ahora proteger activos,ganador|urgente|cuenta|pago|descuento
ent_069,spam,un cobro falso para que la persona pague o entregue información,formal,Aviso de verificación de saldo pendiente,"Detectamos una irregularidad en tu movimiento de dinero que requiere atención. Para evitar el bloqueo de tu cuenta, debes confirmar la operación dentro de las próximas horas. Se aplicará un descuento adicional si completes la validación ahora mismo. Por favor, revisa los detalles en el portal de Kromva Solutions y envía la confirmación solicitada. Confía en nuestro proceso seguro para proteger tus fondos.",aviso verificacion saldo pendiente detectamos irregularidad movimiento dinero requiere atencion evitar bloqueo cuenta debes confirmar operacion dentro proximas horas aplicara descuento adicional completes validacion ahora mismo favor revisa detalles portal kromva solutions envia confirmacion solicitada confia proceso seguro proteger fondos,dinero|cuenta|descuento
ent_070,ham,una confirmación de compra de una tienda en línea,formal,Confirmación de tu pedido en NovaShop,"Gracias por tu compra en NovaShop, te enviamos esta confirmación para que revises el detalle de tu orden. Hemos generado una factura que puedes descargar desde tu panel de control. Aprovecha el descuento aplicado en tu carrito y guarda el código para futuras compras. Nuestro equipo de soporte está disponible por si tienes dudas sobre las políticas de devolución. Eres el ganador de una selección de productos para tu próximo pedido, lo cual refleja nuestra satisfacción con tu fidelidad.",confirmacion pedido novashop gracias compra novashop enviamos confirmacion revises detalle orden hemos generado factura puedes descargar panel control aprovecha descuento aplicado carrito guarda codigo futuras compras equipo soporte disponible tienes dudas sobre politicas devolucion eres ganador seleccion productos proximo pedido cual refleja satisfaccion fidelidad,ganador|equipo|politicas|factura|descuento
ent_071,ham,el boletín informativo de una comunidad u organización,cercano e informal,Novedades de la comunidad y detalles de tu factura,"Hola, te escribo para recordarte que en nuestra comunidad aplicamos un descuento especial en tu factura. Además, queremos reiterarte que protegemos tus datos y que evita hacer clic en enlaces sospechosos para mantener tu seguridad.",novedades comunidad detalles factura hola escribo recordarte comunidad aplicamos descuento especial factura ademas queremos reiterarte protegemos datos evita hacer clic enlaces sospechosos mantener seguridad,comunidad|factura|descuento|datos|clic
ent_072,ham,una confirmación de compra de una tienda en línea,formal,Confirmación de tu pedido y detalles de la reunión informativa,"Gracias por confiar en TiendaLumina para completar tu compra. Adjunto encontrarás la factura correspondiente a este trámite. Además, te informamos que tu descuento ha sido aplicado correctamente. Te invitamos a revisar el informe de estado de tu envío en nuestra plataforma. Por seguridad, recuerda que no hagas clic en enlaces desconocidos.",confirmacion pedido detalles reunion informativa gracias confiar tiendalumina completar compra adjunto encontraras factura correspondiente tramite ademas informamos descuento sido aplicado correctamente invitamos revisar informe estado envio plataforma seguridad recuerda no hagas clic enlaces desconocidos,reunion|informe|factura|descuento|clic
ent_073,spam,un sorteo o lotería falsa que asegura que la persona ganó algo,cercano e informal,Tu acceso exclusivo está listo,"Ya tienes un regalo especial esperando en tu cuenta de ValoraX. Por favor, confirma tus datos y confirma tu contraseña para activar la factura de pago.",acceso exclusivo listo tienes regalo especial esperando cuenta valorax favor confirma datos confirma contraseña activar factura pago,exclusivo|regalo|factura|cuenta|pago|datos|contraseña
ent_074,spam,un sorteo o lotería falsa que asegura que la persona ganó algo,cercano e informal,¡Felicitaciones! Has sido seleccionado,"Hola, me alegra decirte que eres el ganador del sorteo de la empresa Ficticia Soluciones. Tu premio está listo para ser reclamado, pero necesitas verificar tu identidad primero. Te enviaremos una factura detallada para confirmar tu pago asociado al proceso. No pierdas la oportunidad, haz clic aquí para completar los pasos finales. Gracias por tu confianza.",felicitaciones sido seleccionado hola alegra decirte eres ganador sorteo empresa ficticia soluciones premio listo ser reclamado necesitas verificar identidad primero enviaremos factura detallada confirmar pago asociado proceso no pierdas oportunidad haz clic aqui completar pasos finales gracias confianza,felicitaciones|ganador|premio|factura|pago|clic
ent_075,ham,un correo de trabajo entre colegas,cercano e informal,Sobre la factura pendiente,"Hola, ¿pudiste revisar la factura en la cuenta y confirmar el pago con el descuento acordado? Recuerda que nuestra comunidad valora la transparencia, así que nunca compartas tu contraseña. Avísame si necesitas algo más.",sobre factura pendiente hola pudiste revisar factura cuenta confirmar pago descuento acordado recuerda comunidad valora transparencia asi nunca compartas contraseña avisame necesitas algo mas,comunidad|factura|cuenta|pago|descuento|contraseña
ent_076,spam,un aviso falso de un paquete retenido en aduana,cercano e informal,Aviso urgente sobre tu envío,"Hola, tu paquete está retenido en aduana y necesitas moverlo gratis ahora mismo. Por favor, ingresa tu contraseña para desbloquear el proceso. Te agradezco la atención.",aviso urgente sobre envio hola paquete retenido aduana necesitas moverlo gratis ahora mismo favor ingresa contraseña desbloquear proceso agradezco atencion,gratis|urgente|contraseña
ent_077,spam,un cobro falso para que la persona pague o entregue información,cercano e informal,Aviso de Zeta Solutions,"Hola, necesito que actúes de inmediato. Por favor, envía tus datos y da clic en el enlace.",aviso zeta solutions hola necesito actues inmediato favor envia datos da clic enlace,inmediato|datos|clic
ent_078,spam,un aviso falso de un paquete retenido en aduana,breve y directo,Notificación urgente de retención de paquete,"Tu envío está retenido y necesitas confirmar el pago de inmediato para evitar la devolución. Accede a tu cuenta desde la plataforma de KargoLog y verifica el estado de tu pedido. No se cobra ningún premio gratis por esta gestión, solo el trámite de aduana.",notificacion urgente retencion paquete envio retenido necesitas confirmar pago inmediato evitar devolucion accede cuenta plataforma kargolog verifica estado pedido no cobra ningun premio gratis gestion solo tramite aduana,premio|gratis|urgente|inmediato|cuenta|pago
ent_079,spam,un intento de phishing que se hace pasar por un banco,cercano e informal,Aviso de tu cuenta,"Oye, necesito que revises tu factura y el pago en tu cuenta. Eres el ganador de un premio gratis, así que da clic en el enlace para confirmar. Gracias.",aviso cuenta oye necesito revises factura pago cuenta eres ganador premio gratis asi da clic enlace confirmar gracias,ganador|premio|gratis|factura|cuenta|pago|clic
ent_080,ham,una alerta de seguridad real de un banco a su cliente,cercano e informal,Alerta de seguridad: equipo de confianza,"Hola, el equipo de VexaBank detectó una sesión inusual y queremos recordarte que nunca pediremos tus datos. Si no fuiste tú, agenda una reunión con nosotros para verificar tu identidad. Nunca compartas tu contraseña con nadie.",alerta seguridad equipo confianza hola equipo vexabank detecto sesion inusual queremos recordarte nunca pediremos datos no fuiste agenda reunion nosotros verificar identidad nunca compartas contraseña nadie,reunion|equipo|datos|contraseña
ent_081,spam,un intento de phishing que se hace pasar por un banco,formal,Notificación de cuenta y descuento,Tu cuenta requiere revisión para aplicar un descuento y obtener el informe gratis. Eres el ganador de esta acción según nuestras políticas.,notificacion cuenta descuento cuenta requiere revision aplicar descuento obtener informe gratis eres ganador accion segun politicas,ganador|gratis|informe|politicas|cuenta|descuento
ent_082,spam,un intento de phishing que se hace pasar por un banco,formal,Notificación de transacción anómala,"Detectamos una actividad sospechosa en tu perfil y necesitas actuar de inmediato. Te informamos que eres el ganador de una revisión especial del sistema. Para completar el pago pendiente, confirma los detalles enviados. Esta verificación se realiza gratis para nuestros clientes. Revisa tu bandeja de entrada para continuar.",notificacion transaccion anomala detectamos actividad sospechosa perfil necesitas actuar inmediato informamos eres ganador revision especial sistema completar pago pendiente confirma detalles enviados verificacion realiza gratis clientes revisa bandeja entrada continuar,ganador|gratis|inmediato|pago
ent_083,spam,un cobro falso para que la persona pague o entregue información,formal,Notificación de acceso exclusivo para tu premio,"Estimado usuario, confirmamos que has sido seleccionado para recibir un premio exclusivo que requiere tu validación. Para asegurar esta condición, deberás aplicar un descuento al momento de la gestión. Te solicitamos que revises los términos y condiciones antes de proceder. No dudes en responder a esta notificación si tienes alguna consulta. Por favor, haz clic aquí para completar el proceso de registro. Quedamos a la espera de tu confirmación.",notificacion acceso exclusivo premio estimado usuario confirmamos sido seleccionado recibir premio exclusivo requiere validacion asegurar condicion deberas aplicar descuento momento gestion solicitamos revises terminos condiciones antes proceder no dudes responder notificacion tienes alguna consulta favor haz clic aqui completar proceso registro quedamos espera confirmacion,premio|exclusivo|descuento|clic
ent_084,ham,un correo de trabajo entre colegas,cercano e informal,Aviso rápido de seguridad,"Hola, por favor cambia tu contraseña de tu cuenta en la plataforma de ValoraCorp hoy mismo. Además, avísame si algo falla al entrar para que el equipo de soporte pueda ayudarte.",aviso rapido seguridad hola favor cambia contraseña cuenta plataforma valoracorp hoy mismo ademas avisame algo falla entrar equipo soporte pueda ayudarte,equipo|cuenta|contraseña
ent_085,ham,un correo de trabajo entre colegas,cercano e informal,Sobre la próxima reunión,"Hola, ¿cómo estás? Quería recordarte que tenemos una reunión programada para discutir el estado de la comunidad de usuarios. Por favor, revisa tu cuenta antes de la sesión para verificar que el último pago se haya procesado correctamente. Recuerda que nunca compartas tu contraseña con nadie, incluso conmigo. Si tienes alguna duda, avísame sin falta.",sobre proxima reunion hola queria recordarte tenemos reunion programada discutir estado comunidad usuarios favor revisa cuenta antes sesion verificar ultimo pago haya procesado correctamente recuerda nunca compartas contraseña nadie incluso conmigo tienes alguna duda avisame sin falta,comunidad|reunion|cuenta|pago|contraseña
ent_086,spam,un cobro falso para que la persona pague o entregue información,formal,Notificación de felicitaciones,Queremos darte las felicitaciones por ser el ganador de nuestra selección. Tienes acceso inmediato a tu cuenta para gestionar este proceso. Debes envía tus datos para completar la verificación. Te pedimos que confirmes esta acción de inmediato. Gracias por tu colaboración.,notificacion felicitaciones queremos darte felicitaciones ser ganador seleccion tienes acceso inmediato cuenta gestionar proceso debes envia datos completar verificacion pedimos confirmes accion inmediato gracias colaboracion,felicitaciones|ganador|inmediato|cuenta|datos
ent_087,spam,una oferta fraudulenta demasiado buena para ser verdad,cercano e informal,"Felicitaciones, eres el ganador","Hola, me alegra mucho decirte que eres el ganador de esta oportunidad única. Necesitamos que hagas el pago urgente para confirmar tu dinero. Da clic en el enlace y luego ingresa tu contraseña para continuar. Te prometo que este proceso es muy rápido y sencillo. No dejes pasar esta oportunidad de ganar tanto dinero.",felicitaciones eres ganador hola alegra mucho decirte eres ganador oportunidad unica necesitamos hagas pago urgente confirmar dinero da clic enlace luego ingresa contraseña continuar prometo proceso muy rapido sencillo no dejes pasar oportunidad ganar tanto dinero,felicitaciones|ganador|dinero|urgente|pago|clic|contraseña
ent_088,ham,una confirmación de compra de una tienda en línea,breve y directo,Confirmación de tu pedido,Tu compra en la tienda NovaStore quedó registrada correctamente. Te enviamos la factura al correo electrónico con el que realizaste la transacción. Puedes aplicar el descuento indicado en tu perfil para futuras compras. Revisa el informe de envío en la sección de pedidos. Gracias por formar parte de nuestra comunidad.,confirmacion pedido compra tienda novastore quedo registrada correctamente enviamos factura correo electronico realizaste transaccion puedes aplicar descuento indicado perfil futuras compras revisa informe envio seccion pedidos gracias formar parte comunidad,comunidad|informe|factura|descuento
ent_089,ham,una promoción legítima de una tienda donde la persona ya es cliente,formal,Nueva oferta para ti en Verdemar,"Queremos agradecerte tu lealtad como cliente habitual de nuestra tienda. Por eso, hemos preparado un descuento especial en toda la colección de temporada. Solo tienes que confirmar tu interés y aplicará automáticamente al finalizar tu compra. Revisa la selección disponible antes de que se agoten los modelos más populares. Te esperamos con novedades exclusivas para este mes. ¡Gracias por seguir confiando en nosotros!",nueva oferta verdemar queremos agradecerte lealtad cliente habitual tienda hemos preparado descuento especial toda coleccion temporada solo tienes confirmar interes aplicara automaticamente finalizar compra revisa seleccion disponible antes agoten modelos mas populares esperamos novedades exclusivas mes gracias seguir confiando nosotros,descuento
ent_090,ham,el boletín informativo de una comunidad u organización,cercano e informal,Resumen mensual de la comunidad,"Hola, aquí te va el resumen de la comunidad para que estés al día. Recuerda que la factura del mes ya está disponible y, por tu seguridad, no hagas clic en enlaces desconocidos. ¡Un abrazo!",resumen mensual comunidad hola aqui va resumen comunidad estes dia recuerda factura mes disponible seguridad no hagas clic enlaces desconocidos abrazo,comunidad|factura|clic
ent_091,spam,un intento de phishing que se hace pasar por un banco,breve y directo,Acceso inmediato a tu premio,Eres el ganador de un regalo especial en la entidad financiera BancosFicticios. Es urgente que confirmes tu identidad de inmediato para evitar la cancelación. Revisa esta oferta ahora y asegura tu posición. Envía tu respuesta hoy mismo sin demoras.,acceso inmediato premio eres ganador regalo especial entidad financiera bancosficticios urgente confirmes identidad inmediato evitar cancelacion revisa oferta ahora asegura posicion envia respuesta hoy mismo sin demoras,ganador|premio|urgente|inmediato|regalo
ent_092,spam,un cobro falso para que la persona pague o entregue información,breve y directo,Aviso urgente sobre tu factura,Tu factura de Voltax Energía presenta un error que requiere solución de inmediato. Confirma los detalles de tu cuenta para evitar el bloqueo. Revisa la situación ahora.,aviso urgente sobre factura factura voltax energia presenta error requiere solucion inmediato confirma detalles cuenta evitar bloqueo revisa situacion ahora,urgente|inmediato|factura|cuenta
ent_093,ham,una confirmación de compra de una tienda en línea,breve y directo,Confirmación de tu pedido en NovaStore,Gracias por tu compra; tu cuenta ha sido actualizada con éxito. Puedes revisar el estado del envío en tu perfil y aplicar el descuento pendiente. Nuestro informe de comunidad está disponible para tu referencia.,confirmacion pedido novastore gracias compra cuenta sido actualizada exito puedes revisar estado envio perfil aplicar descuento pendiente informe comunidad disponible referencia,comunidad|informe|cuenta|descuento
ent_094,spam,un aviso falso de un paquete retenido en aduana,formal,Notificación de estado logístico,"Tu paquete requiere un trámite inmediato para continuar su proceso de aduana. Debes confirmar el pago correspondiente para liberar el dinero y finalizar la transacción. Este servicio te ofrece un acceso exclusivo al seguimiento de tu envío. Además, has sido seleccionado como ganador de un premio especial por tu fidelidad. Te solicitamos que da clic en el enlace para verificar la información. Agradecemos tu prontitud en esta gestión.",notificacion estado logistico paquete requiere tramite inmediato continuar proceso aduana debes confirmar pago correspondiente liberar dinero finalizar transaccion servicio ofrece acceso exclusivo seguimiento envio ademas sido seleccionado ganador premio especial fidelidad solicitamos da clic enlace verificar informacion agradecemos prontitud gestion,exclusivo|premio|inmediato|pago|dinero|ganador|clic
ent_095,ham,una promoción legítima de una tienda donde la persona ya es cliente,breve y directo,Actualización de tu pedido en Luma,"Hola, te escribimos para compartir el informe de seguimiento de tu última compra. El paquete ya salió de nuestro almacén central y está en tránsito. Puedes revisar el estado actualizado en la plataforma cuando gustes. Si tienes alguna duda, escríbenos y te ayudamos. Gracias por elegir Luma para tus necesidades.",actualizacion pedido luma hola escribimos compartir informe seguimiento ultima compra paquete salio almacen central transito puedes revisar estado actualizado plataforma cuando gustes tienes alguna duda escribenos ayudamos gracias elegir luma necesidades,informe
ent_096,spam,un intento de phishing que se hace pasar por un banco,breve y directo,Verificación de identidad requerida,Necesitas que confirma tus datos para evitar bloqueos en tu servicio. Envía tu documento de identidad a través del portal seguro de Kromos Banco. No demores este proceso para mantener tu acceso activo.,verificacion identidad requerida necesitas confirma datos evitar bloqueos servicio envia documento identidad traves portal seguro kromos banco no demores proceso mantener acceso activo,datos
ent_097,spam,un cobro falso para que la persona pague o entregue información,breve y directo,Notificación de VestaCorp,Recibimos felicitaciones por tu actividad reciente en VestaCorp. Necesitamos que revises tu situación actualizada hoy mismo. Haz clic aquí para completar la verificación. No dejes pasar esta oportunidad de confirmar tus detalles. Estamos a la espera de tu respuesta.,notificacion vestacorp recibimos felicitaciones actividad reciente vestacorp necesitamos revises situacion actualizada hoy mismo haz clic aqui completar verificacion no dejes pasar oportunidad confirmar detalles estamos espera respuesta,felicitaciones|clic
ent_098,ham,una confirmación de compra de una tienda en línea,breve y directo,Confirmación de compra en ZetaShop,"Tu pedido ha sido procesado y la factura estará disponible en tu perfil de la comunidad. Recuerda que tu descuento ya se aplicó en el total. Por tu seguridad, cambia tu contraseña y evita hacer clic en enlaces sospechosos.",confirmacion compra zetashop pedido sido procesado factura estara disponible perfil comunidad recuerda descuento aplico total seguridad cambia contraseña evita hacer clic enlaces sospechosos,comunidad|factura|descuento|clic|contraseña
ent_099,spam,un sorteo o lotería falsa que asegura que la persona ganó algo,breve y directo,Notificación de saldo pendiente,"Eres el ganador de una transferencia millonaria de dinero gestionada por Kroma Finanzas. El pago se procesará de inmediato tras revisar tu cuenta bancaria. Para activar el descuento sobre la comisión, debes validar la factura adjunta. Envía tus coordenadas de contacto a través del formulario para completar la operación. Actúa hoy mismo para evitar la cancelación del saldo.",notificacion saldo pendiente eres ganador transferencia millonaria dinero gestionada kroma finanzas pago procesara inmediato tras revisar cuenta bancaria activar descuento sobre comision debes validar factura adjunta envia coordenadas contacto traves formulario completar operacion actua hoy mismo evitar cancelacion saldo,ganador|dinero|inmediato|factura|cuenta|pago|descuento
ent_100,spam,un intento de phishing que se hace pasar por un banco,cercano e informal,"Tu cuenta necesita atención, amigo","Hola, aquí somos de Banco Ficticio y te escribimos porque tu cuenta tiene novedades. Ofrecemos un acceso exclusivo para que gestiones tu dinero con total tranquilidad. Además, tienes un descuento especial si confirmas la información hoy mismo. No pierdas la oportunidad de este beneficio gratis que te espera. Solo revisa tu perfil y listo.",cuenta necesita atencion amigo hola aqui somos banco ficticio escribimos porque cuenta tiene novedades ofrecemos acceso exclusivo gestiones dinero total tranquilidad ademas tienes descuento especial confirmas informacion hoy mismo no pierdas oportunidad beneficio gratis espera solo revisa perfil listo,gratis|dinero|exclusivo|cuenta|descuento
ent_101,ham,un correo de trabajo entre colegas,cercano e informal,Coordinando la reunión,"Oye, ¿puedes confirmar si vienes a la reunión de mañana? Queremos aprovechar para charlar con la comunidad interna sobre el nuevo proyecto.",coordinando reunion oye puedes confirmar vienes reunion mañana queremos aprovechar charlar comunidad interna sobre nuevo proyecto,comunidad|reunion
ent_102,spam,un cobro falso para que la persona pague o entregue información,breve y directo,Verifica tu cuenta y reclama tu regalo,"Tu proceso para reclamar el premio está incompleto. actualiza tus datos para activar el acceso inmediato. Una vez completado, recibirás un regalo gratis. Esto garantiza la transferencia segura de dinero. Revisa tu cuenta antes de que caduque. No se requiere ninguna acción adicional.",verifica cuenta reclama regalo proceso reclamar premio incompleto actualiza datos activar acceso inmediato vez completado recibiras regalo gratis garantiza transferencia segura dinero revisa cuenta antes caduque no requiere ninguna accion adicional,premio|inmediato|regalo|dinero|cuenta|gratis|datos
ent_103,spam,un intento de phishing que se hace pasar por un banco,formal,Aviso de felicitaciones y descuento,Recibe felicitaciones por tu descuento inmediato. Confirma tus datos y haz clic aquí para activar tu cupón gratis.,aviso felicitaciones descuento recibe felicitaciones descuento inmediato confirma datos haz clic aqui activar cupon gratis,felicitaciones|gratis|inmediato|descuento|datos|clic
ent_104,ham,una alerta de seguridad real de un banco a su cliente,cercano e informal,Reunión de seguridad y tu cuenta,"Te convocamos a una reunión virtual para revisar las nuevas políticas de tu cuenta. Antes de gestionar cualquier pago, evita hacer clic en enlaces sospechosos. Confirma tu asistencia cuando puedas.",reunion seguridad cuenta convocamos reunion virtual revisar nuevas politicas cuenta antes gestionar cualquier pago evita hacer clic enlaces sospechosos confirma asistencia cuando puedas,reunion|politicas|cuenta|pago|clic
ent_105,spam,una oferta fraudulenta demasiado buena para ser verdad,cercano e informal,Urgente: Eres el ganador,"Oye, acabo de confirmar que eres el ganador de este premio exclusivo de la marca ZorbaTech. Te pido que revises tu correo sin demora para reclamarlo, ya que la oferta es muy limitada.",urgente eres ganador oye acabo confirmar eres ganador premio exclusivo marca zorbatech pido revises correo sin demora reclamarlo oferta muy limitada,ganador|premio|urgente|exclusivo
ent_106,spam,un intento de phishing que se hace pasar por un banco,breve y directo,Acceso inmediato a tu cuenta,Eres el ganador de dinero gratis. confirma tus datos de inmediato para activar tu cuenta.,acceso inmediato cuenta eres ganador dinero gratis confirma datos inmediato activar cuenta,ganador|gratis|dinero|inmediato|cuenta|datos
ent_107,ham,una promoción legítima de una tienda donde la persona ya es cliente,cercano e informal,Tu código especial está listo,"Hola, me alegra verte por aquí. Quería avisarte de inmediato que tienes un descuento pendiente en tu perfil. El equipo de Lumina Store preparó esto pensando en ti. Además, hay un premio por comprar antes del viernes. Por tu seguridad, recuerda que no hagas clic en enlaces desconocidos. ¡Te espero pronto!",codigo especial listo hola alegra verte aqui queria avisarte inmediato tienes descuento pendiente perfil equipo lumina store preparo pensando ademas premio comprar antes viernes seguridad recuerda no hagas clic enlaces desconocidos espero pronto,premio|inmediato|equipo|descuento|clic
ent_108,ham,una confirmación de compra de una tienda en línea,cercano e informal,Tu pedido está listo para salir,"¡Hola! Te escribo desde la comunidad de usuarios de MiTienda para confirmarte que tu compra se procesó sin problemas. Recibirás la reunión de seguimiento en tu cuenta para resolver cualquier duda que tengas. Por tu seguridad, recuerda no hagas clic en enlaces desconocidos que aparezcan por ahí. ¡Gracias por tu confianza y hasta la próxima!",pedido listo salir hola escribo comunidad usuarios mitienda confirmarte compra proceso sin problemas recibiras reunion seguimiento cuenta resolver cualquier duda tengas seguridad recuerda no hagas clic enlaces desconocidos aparezcan ahi gracias confianza hasta proxima,comunidad|reunion|cuenta|clic
ent_109,ham,una alerta de seguridad real de un banco a su cliente,cercano e informal,Alerta de seguridad actualizada,"Hola, aquí es del equipo de Vortex Bank. Queríamos avisarte que detectamos un acceso inusual y hemos bloqueado la sesión por tu seguridad. Revisa la factura pendiente que aparece en tu perfil para confirmar que es tuya. Nosotros protegemos tus datos con protocolos de última generación. Si tienes dudas, escríbenos y te ayudamos a resolverlo.",alerta seguridad actualizada hola aqui equipo vortex bank queriamos avisarte detectamos acceso inusual hemos bloqueado sesion seguridad revisa factura pendiente aparece perfil confirmar tuya nosotros protegemos datos protocolos ultima generacion tienes dudas escribenos ayudamos resolverlo,equipo|factura|datos
ent_110,ham,una alerta de seguridad real de un banco a su cliente,formal,Notificación de seguridad,"En Bancor Seguro, protegemos tus datos con estrictos protocolos de vigilancia. Hemos detectado una actividad inusual, por lo que te pedimos que cambia tu contraseña ahora mismo. Te invitamos a revisar las políticas de seguridad actualizadas para entender mejor estas medidas. Como parte de nuestra comunidad, tu colaboración es clave para garantizar un pago seguro. Gracias por tu diligencia al completar esta verificación.",notificacion seguridad bancor seguro protegemos datos estrictos protocolos vigilancia hemos detectado actividad inusual pedimos cambia contraseña ahora mismo invitamos revisar politicas seguridad actualizadas entender mejor medidas parte comunidad colaboracion clave garantizar pago seguro gracias diligencia completar verificacion,comunidad|politicas|pago|datos|contraseña
ent_111,ham,una promoción legítima de una tienda donde la persona ya es cliente,formal,Promoción especial para nuestra comunidad,"Como parte de nuestra comunidad, queremos enviarte un informe de las nuevas ofertas disponibles en la tienda Valora. Recordamos que protegemos tus datos y te aconsejamos que no hagas clic en enlaces desconocidos para tu seguridad.",promocion especial comunidad parte comunidad queremos enviarte informe nuevas ofertas disponibles tienda valora recordamos protegemos datos aconsejamos no hagas clic enlaces desconocidos seguridad,comunidad|informe|datos|clic
ent_112,ham,una alerta de seguridad real de un banco a su cliente,formal,Alerta de seguridad: revisión de acceso,"Detectamos actividad inusual en tu perfil y te recomendamos verificar las políticas activas. En caso de dudas, confirma la información directamente desde la aplicación oficial. Por favor, no hagas clic en enlaces desconocidos para mantener la integridad de tu sesión. Si necesitas apoyo, puedes solicitar una reunión virtual a través del chat de soporte. Gracias por tu atención y colaboración.",alerta seguridad revision acceso detectamos actividad inusual perfil recomendamos verificar politicas activas caso dudas confirma informacion directamente aplicacion oficial favor no hagas clic enlaces desconocidos mantener integridad sesion necesitas apoyo puedes solicitar reunion virtual traves chat soporte gracias atencion colaboracion,reunion|politicas|clic
ent_113,spam,un sorteo o lotería falsa que asegura que la persona ganó algo,breve y directo,Tu regalo está listo para reclamar,Recibimos tu registro y tienes una oportunidad de obtener este objeto gratis. Este regalo fue seleccionado para ti por el sistema de ZetaCorp. Debes confirmar tu interés en los próximos minutos. No esperes y haz clic aquí para finalizar el proceso. La persona que coordina esto es Marta Ruiz. Te esperamos para completar los pasos finales.,regalo listo reclamar recibimos registro tienes oportunidad obtener objeto gratis regalo fue seleccionado sistema zetacorp debes confirmar interes proximos minutos no esperes haz clic aqui finalizar proceso persona coordina marta ruiz esperamos completar pasos finales,gratis|regalo|clic
ent_114,spam,un cobro falso para que la persona pague o entregue información,breve y directo,felicitaciones por tu selección,"En Vortexia te hacemos felicitaciones por tu selección. Recibirás un premio de valor, gratis y sin trámites. Además, te entregamos un regalo extra como cortesía. Por favor, confirma tus datos para completar el envío. Tu atención nos ayuda a verificar el proceso. Gracias por tu tiempo.",felicitaciones seleccion vortexia hacemos felicitaciones seleccion recibiras premio valor gratis sin tramites ademas entregamos regalo extra cortesia favor confirma datos completar envio atencion ayuda verificar proceso gracias tiempo,felicitaciones|premio|gratis|regalo|datos
ent_115,ham,una confirmación de compra de una tienda en línea,breve y directo,Tu pedido está confirmado,Confirmamos que tu compra fue exitosa y pronto recibirás el informe de envío. Recordamos que protegemos tus datos en todo momento.,pedido confirmado confirmamos compra fue exitosa pronto recibiras informe envio recordamos protegemos datos todo momento,informe|datos
ent_116,ham,un correo de trabajo entre colegas,cercano e informal,Revisión de factura del mes,"Hola, ¿cómo estás? Te escribo para que revises la factura que generó el equipo en la plataforma. Necesitamos ajustar la cuenta para aplicar el descuento que nos corresponde. Por favor, confirma que el pago se realizó correctamente según las políticas internas. Quedo a la espera de tu respuesta para cerrar este tema.",revision factura mes hola escribo revises factura genero equipo plataforma necesitamos ajustar cuenta aplicar descuento corresponde favor confirma pago realizo correctamente segun politicas internas quedo espera respuesta cerrar tema,equipo|politicas|factura|cuenta|pago|descuento
ent_117,ham,un correo de trabajo entre colegas,breve y directo,Revisión del informe de la comunidad,"Hola, ¿podrías revisar el informe final para nuestro equipo? Necesito que confirmes el estado de la cuenta y el pago pendiente antes de la reunión.",revision informe comunidad hola podrias revisar informe final equipo necesito confirmes estado cuenta pago pendiente antes reunion,comunidad|reunion|informe|equipo|cuenta|pago
ent_118,ham,una promoción legítima de una tienda donde la persona ya es cliente,cercano e informal,Tu oferta especial en Solari,"Hola, aquí el equipo de Solari tiene una buena noticia para ti. Hemos activado tu descuento personal y te recordamos que nunca pediremos tus datos. Revisa nuestras políticas si tienes dudas y disfruta tu compra.",oferta especial solari hola aqui equipo solari tiene buena noticia hemos activado descuento personal recordamos nunca pediremos datos revisa politicas tienes dudas disfruta compra,equipo|politicas|descuento|datos
ent_119,ham,una alerta de seguridad real de un banco a su cliente,formal,Notificación de actividad inusual en tu cuenta,"Hemos detectado una conexión sospechosa desde una ubicación desconocida en tu cuenta. Te pedimos que revises la comunidad de usuarios para verificar si reconoces la sesión activa. No hemos emitido ninguna factura por servicios adicionales durante este periodo. Por favor, confirma que no has autorizado esta acción para proteger tu seguridad. Si tienes dudas, contacta a nuestro soporte en horario de oficina.",notificacion actividad inusual cuenta hemos detectado conexion sospechosa ubicacion desconocida cuenta pedimos revises comunidad usuarios verificar reconoces sesion activa no hemos emitido ninguna factura servicios adicionales durante periodo favor confirma no autorizado accion proteger seguridad tienes dudas contacta soporte horario oficina,comunidad|factura|cuenta
ent_120,spam,un intento de phishing que se hace pasar por un banco,formal,Notificación de seguridad de ZentroBank,"Para mantener tu dinero protegido, confirma que la cuenta sigue activa. Te pedimos que ingresa tu contraseña para verificar tu identidad. Esta acción te permite acceder a servicios gratis y evitar bloqueos futuros.",notificacion seguridad zentrobank mantener dinero protegido confirma cuenta sigue activa pedimos ingresa contraseña verificar identidad accion permite acceder servicios gratis evitar bloqueos futuros,gratis|dinero|cuenta|contraseña
ent_121,spam,un cobro falso para que la persona pague o entregue información,formal,Aviso sobre tu cuenta,Nuestros registros indican que eres el ganador de una selección especial. Debes verificar la situación de tu cuenta para evitar bloqueos temporales. Confirma tu identidad revisando el documento adjunto. Envía la información solicitada antes del cierre del plazo. Revisa cuidadosamente cada punto para asegurar la continuidad del servicio.,aviso sobre cuenta registros indican eres ganador seleccion especial debes verificar situacion cuenta evitar bloqueos temporales confirma identidad revisando documento adjunto envia informacion solicitada antes cierre plazo revisa cuidadosamente cada punto asegurar continuidad servicio,ganador|cuenta
ent_122,spam,una oferta fraudulenta demasiado buena para ser verdad,breve y directo,Felicitaciones por tu cuenta,Recibes felicitaciones porque tu cuenta fue seleccionada. Es urgente que reclames el dinero ahora. Confirma tu interés hoy mismo.,felicitaciones cuenta recibes felicitaciones porque cuenta fue seleccionada urgente reclames dinero ahora confirma interes hoy mismo,felicitaciones|dinero|urgente|cuenta
ent_123,spam,un aviso falso de un paquete retenido en aduana,cercano e informal,Tu paquete está listo,"Hola, tengo buenas felicitaciones para ti porque hay un premio gratis vinculado a tu cuenta. Por favor, confirma tus datos y da clic en el enlace para resolver el tema de la aduana.",paquete listo hola tengo buenas felicitaciones porque premio gratis vinculado cuenta favor confirma datos da clic enlace resolver tema aduana,felicitaciones|premio|gratis|cuenta|datos|clic
ent_124,spam,un cobro falso para que la persona pague o entregue información,breve y directo,Notificación de cobro pendiente,"Has sido seleccionado como ganador de un premio en la lotería de VexaCorp. Para recibir tu dinero, necesitas activar tu acceso exclusivo al portal. Este proceso incluye un regalo de cortesía y la verificación de tu cuenta. Te pedimos que confirmes los detalles antes del cierre del mes. Por favor, haz clic aquí para completar el registro. Nuestro gerente, Lía Torres, supervisará tu caso.",notificacion cobro pendiente sido seleccionado ganador premio loteria vexacorp recibir dinero necesitas activar acceso exclusivo portal proceso incluye regalo cortesia verificacion cuenta pedimos confirmes detalles antes cierre mes favor haz clic aqui completar registro gerente lia torres supervisara caso,ganador|premio|dinero|exclusivo|regalo|cuenta|clic
ent_125,ham,una promoción legítima de una tienda donde la persona ya es cliente,formal,Invitación a la reunión con Valoria,"Te confirmamos que serás parte de la reunión con Valoria para conocer las novedades de temporada. Recordamos que nunca pediremos tus datos y nunca compartas tu contraseña con nadie. Por favor, revisa tus fechas de disponibilidad para asistir.",invitacion reunion valoria confirmamos seras parte reunion valoria conocer novedades temporada recordamos nunca pediremos datos nunca compartas contraseña nadie favor revisa fechas disponibilidad asistir,reunion|datos|contraseña
ent_126,spam,un sorteo o lotería falsa que asegura que la persona ganó algo,cercano e informal,¡Mira esto! Tienes un premio,"¡Felicitaciones! Te escribo porque en la empresa FalsaCorp quisimos darte una buena noticia: tienes un premio. Por favor, confirma tu intención de recibirlo hoy mismo.",mira tienes premio felicitaciones escribo porque empresa falsacorp quisimos darte buena noticia tienes premio favor confirma intencion recibirlo hoy mismo,felicitaciones|premio
ent_127,spam,un aviso falso de un paquete retenido en aduana,breve y directo,Notificación de retención en aduana,"Tu paquete está retenido, confirma tus datos y realiza el pago para liberarlo. Eres el ganador de un premio exclusivo gratis sin costo adicional. Revisa tu cuenta en el portal de Korrax Logistics hoy mismo.",notificacion retencion aduana paquete retenido confirma datos realiza pago liberarlo eres ganador premio exclusivo gratis sin costo adicional revisa cuenta portal korrax logistics hoy mismo,ganador|premio|gratis|exclusivo|cuenta|pago|datos
ent_128,spam,un intento de phishing que se hace pasar por un banco,breve y directo,Aviso de verificación pendiente,Necesita confirmar tu identidad hoy. Acceda al panel para validar tu estado. Este proceso es rápido y sencillo. Recuerda revisar tu perfil. Tu regalo digital espera tu aprobación. Finalice este paso ahora.,aviso verificacion pendiente necesita confirmar identidad hoy acceda panel validar estado proceso rapido sencillo recuerda revisar perfil regalo digital espera aprobacion finalice paso ahora,regalo
ent_129,spam,un cobro falso para que la persona pague o entregue información,formal,Revisión de saldo pendiente,"Nos dirigimos a ti para informarte sobre una discrepancia en tu registro. Es de carácter urgente que revises tu situación con el asesor de Valora Servicios. Debes gestionar este trámite de inmediato para evitar complicaciones. Al completar la verificación, aplicarás un descuento especial sobre los cargos pendientes. Confirma tu identidad enviando la información requerida a través del portal seguro.",revision saldo pendiente dirigimos informarte sobre discrepancia registro caracter urgente revises situacion asesor valora servicios debes gestionar tramite inmediato evitar complicaciones completar verificacion aplicaras descuento especial sobre cargos pendientes confirma identidad enviando informacion requerida traves portal seguro,urgente|inmediato|descuento
ent_130,spam,un intento de phishing que se hace pasar por un banco,formal,Aviso urgente de ganador,"Estimado cliente, le informamos que ha sido seleccionado como ganador de un premio gratis por parte del Banco Ficticio Nacional. Para activar este beneficio, debe revisar la factura asociada a su operación y proceder con la validación de inmediato. Si no completa este paso urgente, perderá la oportunidad de obtener su recompensa sin costo alguno. Le solicitamos que haz clic aquí para confirmar su identidad y finalizar el proceso. Quedamos a la espera de su respuesta.",aviso urgente ganador estimado cliente informamos sido seleccionado ganador premio gratis parte banco ficticio nacional activar beneficio debe revisar factura asociada operacion proceder validacion inmediato no completa paso urgente perdera oportunidad obtener recompensa sin costo alguno solicitamos haz clic aqui confirmar identidad finalizar proceso quedamos espera respuesta,ganador|gratis|inmediato|premio|factura|urgente|clic
ent_131,spam,un intento de phishing que se hace pasar por un banco,formal,Aviso urgente sobre tu pago,Somos de Bancos Ficticios y confirmamos que eres el ganador de dinero gratis. Es urgente que realices el pago para evitar problemas. haz clic aquí para completar el proceso.,aviso urgente sobre pago somos bancos ficticios confirmamos eres ganador dinero gratis urgente realices pago evitar problemas haz clic aqui completar proceso,ganador|gratis|dinero|urgente|pago|clic
ent_132,spam,un sorteo o lotería falsa que asegura que la persona ganó algo,breve y directo,Notificación de sorteo,Eres el ganador de un equipo de alta gama. Debes confirmar tu identidad para recibir el dinero y el regalo. Ingresa tu contraseña y luego actualiza tus datos. Tienes acceso inmediato al proceso de validación. Envía la información requerida ahora mismo. Recuerda completar todos los campos solicitados.,notificacion sorteo eres ganador equipo alta gama debes confirmar identidad recibir dinero regalo ingresa contraseña luego actualiza datos tienes acceso inmediato proceso validacion envia informacion requerida ahora mismo recuerda completar todos campos solicitados,ganador|dinero|inmediato|regalo|equipo|datos|contraseña
ent_133,spam,un sorteo o lotería falsa que asegura que la persona ganó algo,breve y directo,Resultado verificado por Zorba Global,Tu solicitud ha sido aprobada por el sistema de Zorba Global. Debes activar tu cuenta de inmediato para completar el proceso. Revisa tu bandeja de entrada en las próximas horas.,resultado verificado zorba global solicitud sido aprobada sistema zorba global debes activar cuenta inmediato completar proceso revisa bandeja entrada proximas horas,inmediato|cuenta
ent_134,spam,un sorteo o lotería falsa que asegura que la persona ganó algo,formal,Notificación de acceso exclusivo,"Tu cuenta ha sido seleccionada para recibir dinero gratis bajo este plan exclusivo. Por favor, confirma tu contraseña y verifica la factura correspondiente.",notificacion acceso exclusivo cuenta sido seleccionada recibir dinero gratis bajo plan exclusivo favor confirma contraseña verifica factura correspondiente,gratis|dinero|exclusivo|factura|cuenta|contraseña
ent_135,ham,una promoción legítima de una tienda donde la persona ya es cliente,breve y directo,Oferta para clientes de Vistral,"Como cliente de Vistral, te ofrecemos una propuesta especial. Revisa tu cuenta para ver los detalles disponibles. El pago de tu próxima compra tendrá condiciones preferentes. Te recomendamos que cambia tu contraseña por seguridad. Confirma tu interés con un simple mensaje. Esperamos tu respuesta.",oferta clientes vistral cliente vistral ofrecemos propuesta especial revisa cuenta ver detalles disponibles pago proxima compra tendra condiciones preferentes recomendamos cambia contraseña seguridad confirma interes simple mensaje esperamos respuesta,cuenta|pago|contraseña
ent_136,ham,el boletín informativo de una comunidad u organización,breve y directo,Resumen de actividades de la comunidad,El equipo te envía el informe gratis de este mes. Revisa los avances de la comunidad en el documento adjunto.,resumen actividades comunidad equipo envia informe gratis mes revisa avances comunidad documento adjunto,gratis|comunidad|informe|equipo
ent_137,spam,un intento de phishing que se hace pasar por un banco,formal,Notificación urgente de la comunidad,"Necesitas actuar ahora para evitar problemas. Te pedimos que confirmes que revisa tu situación actual. Es fundamental que actualiza tus datos en el sistema. Por favor, da clic en el enlace para continuar. Asegúrate de completar la factura sin demoras.",notificacion urgente comunidad necesitas actuar ahora evitar problemas pedimos confirmes revisa situacion actual fundamental actualiza datos sistema favor da clic enlace continuar asegurate completar factura sin demoras,urgente|comunidad|factura|datos|clic
ent_138,ham,una confirmación de compra de una tienda en línea,cercano e informal,Tu pedido está listo,"¡Hola! Te escribo desde la tienda Lumen para confirmarte que tu compra ya quedó procesada. Queríamos decirte que eres parte de nuestra comunidad y esto te da acceso exclusivo a novedades. Gracias por elegirnos, sabemos que te va a encantar. Si tienes alguna duda, estamos aquí para ayudarte. ¡Nos vemos pronto!",pedido listo hola escribo tienda lumen confirmarte compra quedo procesada queriamos decirte eres parte comunidad da acceso exclusivo novedades gracias elegirnos sabemos va encantar tienes alguna duda estamos aqui ayudarte vemos pronto,exclusivo|comunidad
ent_139,ham,un correo de trabajo entre colegas,formal,Solicitud de revisión de factura,"Buenos días. Te escribo para pedirte que revises la factura que enviaste la semana pasada. Necesito confirmar que el importe coincide con el informe que tenemos en cuenta. Por favor, haz el pago cuando tengas un momento. Recuerda que no hagas clic en enlaces desconocidos si recibes comunicaciones sospechosas.",solicitud revision factura buenos dias escribo pedirte revises factura enviaste semana pasada necesito confirmar importe coincide informe tenemos cuenta favor haz pago cuando tengas momento recuerda no hagas clic enlaces desconocidos recibes comunicaciones sospechosas,informe|factura|cuenta|pago|clic
ent_140,spam,un aviso falso de un paquete retenido en aduana,formal,Notificación de retención de mercancía,"Aunque tu envío fue retenido, eres el ganador de un premio en dinero por fidelidad. Para reclamarlo, revisa las políticas de Zorba Express y confirma tu acceso exclusivo.",notificacion retencion mercancia aunque envio fue retenido eres ganador premio dinero fidelidad reclamarlo revisa politicas zorba express confirma acceso exclusivo,ganador|premio|dinero|exclusivo|politicas
ent_141,spam,un aviso falso de un paquete retenido en aduana,breve y directo,Aviso de retención aduanera,"Tu paquete está retenido en aduana, confirma los trámites para liberarlo. Te ofrecemos un regalo gratis como felicitaciones por tu paciencia.",aviso retencion aduanera paquete retenido aduana confirma tramites liberarlo ofrecemos regalo gratis felicitaciones paciencia,felicitaciones|gratis|regalo
ent_142,ham,una alerta de seguridad real de un banco a su cliente,breve y directo,Alerta de seguridad: actividad detectada,"Hemos detectado un acceso inusual a tu perfil en la app de Banca Nova. Te pedimos que revises el informe de actividad reciente para confirmar que la acción fue tuya. Si no reconoces el movimiento, contacta a tu asesor de confianza, Marta Solís, para resolverlo.",alerta seguridad actividad detectada hemos detectado acceso inusual perfil app banca nova pedimos revises informe actividad reciente confirmar accion fue tuya no reconoces movimiento contacta asesor confianza marta solis resolverlo,informe
ent_143,spam,una oferta fraudulenta demasiado buena para ser verdad,breve y directo,felicitaciones urgente,"felicitaciones, eres el ganador de un equipo gratis. Requiere acción urgente para acceso inmediato. Revisa tu factura de inmediato.",felicitaciones urgente felicitaciones eres ganador equipo gratis requiere accion urgente acceso inmediato revisa factura inmediato,felicitaciones|ganador|gratis|urgente|inmediato|equipo|factura
ent_144,spam,un intento de phishing que se hace pasar por un banco,breve y directo,Acceso inmediato requerido,Necesitas confirmar tu identidad de inmediato para evitar el bloqueo. Revisa tu perfil y envía la verificación ahora. Hazlo tú mismo para mantener el acceso abierto.,acceso inmediato requerido necesitas confirmar identidad inmediato evitar bloqueo revisa perfil envia verificacion ahora hazlo mismo mantener acceso abierto,inmediato
ent_145,spam,una oferta fraudulenta demasiado buena para ser verdad,breve y directo,Felicitaciones eres el ganador,En Zephyr Tech te confirmamos que eres el ganador de un paquete premium gratis. Activa tu acceso inmediato y revisa la factura para completar el proceso. Confirma tu identidad de inmediato.,felicitaciones eres ganador zephyr tech confirmamos eres ganador paquete premium gratis activa acceso inmediato revisa factura completar proceso confirma identidad inmediato,felicitaciones|ganador|gratis|inmediato|factura
ent_146,spam,una oferta fraudulenta demasiado buena para ser verdad,cercano e informal,Tienes un descuento gratis esperando,"Amigo, mira lo que conseguí para ti en VortexStore, es una ganga con descuento gratis que no vas a creer. Te lo digo en confianza porque quiero que aproveches antes de que se acabe. haz clic aquí y cuéntame qué te parece.",tienes descuento gratis esperando amigo mira consegui vortexstore ganga descuento gratis no vas creer digo confianza porque quiero aproveches antes acabe haz clic aqui cuentame parece,gratis|descuento|clic
ent_147,ham,un correo de trabajo entre colegas,formal,Ajuste de condiciones para la próxima reunión,"Por favor, revisa las nuevas políticas antes de la reunión. Además, aplica el descuento al pago del regalo que me enviaste.",ajuste condiciones proxima reunion favor revisa nuevas politicas antes reunion ademas aplica descuento pago regalo enviaste,regalo|reunion|politicas|pago|descuento
ent_148,spam,un aviso falso de un paquete retenido en aduana,formal,Notificación de retención aduanera,"Tu paquete de VexaLog está retenido en aduana, por lo que te pedimos que confirma tu contraseña. Este paso te otorga acceso exclusivo al estado de tu cuenta.",notificacion retencion aduanera paquete vexalog retenido aduana pedimos confirma contraseña paso otorga acceso exclusivo estado cuenta,exclusivo|cuenta|contraseña
ent_149,spam,un sorteo o lotería falsa que asegura que la persona ganó algo,breve y directo,Urgente: reclamar tu regalo gratis,Debes confirmar tu cuenta ahora mismo para recibir este regalo gratis. Ingresa tu contraseña en el portal de ZetaCorp antes de que caduque la oferta urgente.,urgente reclamar regalo gratis debes confirmar cuenta ahora mismo recibir regalo gratis ingresa contraseña portal zetacorp antes caduque oferta urgente,gratis|urgente|regalo|cuenta|contraseña
ent_150,spam,un aviso falso de un paquete retenido en aduana,cercano e informal,Aviso urgente de aduana,"Oye, felicitaciones, tu paquete está retenido y necesitas confirmar tu cuenta. Eres el ganador de esta verificación, así que envía el pago para liberarlo. Por favor, no ignores este mensaje urgente.",aviso urgente aduana oye felicitaciones paquete retenido necesitas confirmar cuenta eres ganador verificacion asi envia pago liberarlo favor no ignores mensaje urgente,felicitaciones|ganador|urgente|cuenta|pago
ent_151,ham,una confirmación de compra de una tienda en línea,breve y directo,Tu pedido está listo,Tu compra en VentaNova se completó correctamente. Revisa el número de seguimiento para ver la ubicación del paquete. Recuerda que nunca compartas tu contraseña con nadie. El envío llegará en tres días laborables. Disfruta tu nuevo producto.,pedido listo compra ventanova completo correctamente revisa numero seguimiento ver ubicacion paquete recuerda nunca compartas contraseña nadie envio llegara tres dias laborables disfruta nuevo producto,contraseña
ent_152,spam,un aviso falso de un paquete retenido en aduana,breve y directo,Tu envío está retenido,Tu paquete está detenido en aduana. Confirma la información con la factura para liberarlo. Obtén el envío gratis ahora. Recibirás un regalo sorpresa. Felicitaciones por tu compra.,envio retenido paquete detenido aduana confirma informacion factura liberarlo obten envio gratis ahora recibiras regalo sorpresa felicitaciones compra,felicitaciones|gratis|regalo|factura
ent_153,spam,un aviso falso de un paquete retenido en aduana,formal,Notificación de retención aduanera y acceso exclusivo,"Nos comunicamos contigo para informarte que tu envío está retenido en la aduana de Valverde Logistics. Para desbloquear la mercancía, es necesario que revises la factura y realices un pago simbólico. Como parte de esta gestión, eres el ganador de una atención prioritaria donde recibirás un premio gratis. Este proceso te otorga un acceso exclusivo a las vías de despacho rápido. Te pedimos que confirma la recepción de este aviso y envía la documentación requerida.",notificacion retencion aduanera acceso exclusivo comunicamos contigo informarte envio retenido aduana valverde logistics desbloquear mercancia necesario revises factura realices pago simbolico parte gestion eres ganador atencion prioritaria donde recibiras premio gratis proceso otorga acceso exclusivo vias despacho rapido pedimos confirma recepcion aviso envia documentacion requerida,ganador|premio|gratis|exclusivo|factura|pago
ent_154,spam,un aviso falso de un paquete retenido en aduana,breve y directo,Notificación de retención aduanera,"Felicitaciones, tu paquete ha llegado a la frontera. Debes actualiza tus datos para liberar el envío. Tienes acceso exclusivo a esta gestión. No pierdas el dinero que ya invertiste. Envía la información ahora mismo.",notificacion retencion aduanera felicitaciones paquete llegado frontera debes actualiza datos liberar envio tienes acceso exclusivo gestion no pierdas dinero invertiste envia informacion ahora mismo,felicitaciones|dinero|exclusivo|datos
ent_155,spam,un intento de phishing que se hace pasar por un banco,formal,Notificación importante de Seguridad Bancaria,"Estimado cliente, te informamos que eres el ganador de una verificación de identidad gratuita. Por seguridad, envía tus datos completos a través del portal seguro. Recuerda que este proceso es gratis y sin compromiso. Te pedimos que revises tu expediente hoy mismo. No olvides que da clic en el enlace para continuar con la validación. Gracias por tu colaboración.",notificacion importante seguridad bancaria estimado cliente informamos eres ganador verificacion identidad gratuita seguridad envia datos completos traves portal seguro recuerda proceso gratis sin compromiso pedimos revises expediente hoy mismo no olvides da clic enlace continuar validacion gracias colaboracion,ganador|gratis|datos|clic
ent_156,spam,un aviso falso de un paquete retenido en aduana,breve y directo,Aviso urgente de retención en aduana,Tu paquete está retenido y debes confirmar tu factura para activar un descuento. envía tus datos ahora mismo a Vetro Logistics para resolverlo.,aviso urgente retencion aduana paquete retenido debes confirmar factura activar descuento envia datos ahora mismo vetro logistics resolverlo,urgente|factura|descuento|datos
ent_157,spam,un sorteo o lotería falsa que asegura que la persona ganó algo,formal,Notificación de sorteo de Vortex Global,"Nuestro sistema ha asignado un regalo de valor considerable a tu cuenta de usuario. Te rogamos que revises el documento adjunto para confirmar la recepción de este dinero. Por favor, da clic en el enlace para completar la verificación de identidad.",notificacion sorteo vortex global sistema asignado regalo valor considerable cuenta usuario rogamos revises documento adjunto confirmar recepcion dinero favor da clic enlace completar verificacion identidad,dinero|regalo|cuenta|clic
ent_158,spam,un aviso falso de un paquete retenido en aduana,cercano e informal,Tu paquete está retenido,"Hola, tu paquete en la aduana de ZetaLogis requiere una acción urgente para evitar multas. Por favor, revisa tu cuenta en el portal de la empresa ficticia XyloCorp para desbloquear el envío.",paquete retenido hola paquete aduana zetalogis requiere accion urgente evitar multas favor revisa cuenta portal empresa ficticia xylocorp desbloquear envio,urgente|cuenta
ent_159,ham,una confirmación de compra de una tienda en línea,breve y directo,Confirmación de tu pedido en NubeVerde,"Gracias por tu compra en NubeVerde. Tu pago se procesó correctamente y ya se actualizó tu cuenta. Nuestro equipo está preparando el envío para que llegue pronto a tu domicilio. Formas parte de nuestra comunidad de clientes que valoramos. Recuerda que nunca pediremos tus datos por teléfono. Si tienes dudas, consulta el historial de pedidos en tu perfil.",confirmacion pedido nubeverde gracias compra nubeverde pago proceso correctamente actualizo cuenta equipo preparando envio llegue pronto domicilio formas parte comunidad clientes valoramos recuerda nunca pediremos datos telefono tienes dudas consulta historial pedidos perfil,comunidad|equipo|cuenta|pago|datos
ent_160,ham,una confirmación de compra de una tienda en línea,cercano e informal,Confirmación de tu pedido en Lumen Shop,"¡Hola! Tu compra está confirmada y se envía hoy mismo. Recuerda que nunca compartas tu contraseña y consulta nuestras políticas; si tienes dudas, agenda una reunión.",confirmacion pedido lumen shop hola compra confirmada envia hoy mismo recuerda nunca compartas contraseña consulta politicas tienes dudas agenda reunion,reunion|politicas|contraseña
ent_161,spam,una oferta fraudulenta demasiado buena para ser verdad,breve y directo,Oferta especial de Zephyr Labs,felicitaciones por ser seleccionado para recibir acceso inmediato a la nueva línea de productos de Zephyr Labs. revisa tu bandeja de entrada para confirmar tu elegibilidad y aprovechar esta oportunidad única. envía tu respuesta hoy mismo para asegurar tu posición.,oferta especial zephyr labs felicitaciones ser seleccionado recibir acceso inmediato nueva linea productos zephyr labs revisa bandeja entrada confirmar elegibilidad aprovechar oportunidad unica envia respuesta hoy mismo asegurar posicion,felicitaciones|inmediato
ent_162,ham,una promoción legítima de una tienda donde la persona ya es cliente,formal,Actualización de tu cuenta en Velaris Store,"Te compartimos el informe sobre tu cuenta y la factura del último pago. Además, tienes un regalo disponible y debes revisar las políticas del equipo.",actualizacion cuenta velaris store compartimos informe sobre cuenta factura ultimo pago ademas tienes regalo disponible debes revisar politicas equipo,regalo|informe|equipo|politicas|factura|cuenta|pago
ent_163,spam,un aviso falso de un paquete retenido en aduana,breve y directo,Aviso sobre tu envío detenido,Tu paquete está retenido en aduana por Veritas Logística. Eres el ganador de un premio gratis para acelerar el proceso. Debes verificar tu cuenta y confirmar el pago pendiente. Envía tu confirmación para liberar la mercancía. Revisa este aviso ahora mismo.,aviso sobre envio detenido paquete retenido aduana veritas logistica eres ganador premio gratis acelerar proceso debes verificar cuenta confirmar pago pendiente envia confirmacion liberar mercancia revisa aviso ahora mismo,ganador|premio|gratis|cuenta|pago
ent_164,ham,una alerta de seguridad real de un banco a su cliente,cercano e informal,Alerta de actividad inusual en tu cuenta,"Hola, te escribimos de Bancos Verdes porque detectamos movimientos extraños en tu cuenta y queremos que estés tranquilo. Sabemos que la comunidad de clientes se preocupa por su seguridad, así que preparamos un informe con los detalles de lo que pasó. Te pedimos que revises este documento con calma, ya que la reunión de revisión puede programarse cuando tú lo decidas. Por favor, evita hacer clic en enlaces sospechosos y confía en los canales oficiales de la app. Si tienes dudas, escríbenos a través del chat interno para ayudarte.",alerta actividad inusual cuenta hola escribimos bancos verdes porque detectamos movimientos extraños cuenta queremos estes tranquilo sabemos comunidad clientes preocupa seguridad asi preparamos informe detalles paso pedimos revises documento calma reunion revision puede programarse cuando decidas favor evita hacer clic enlaces sospechosos confia canales oficiales app tienes dudas escribenos traves chat interno ayudarte,comunidad|reunion|informe|cuenta|clic
ent_165,spam,un aviso falso de un paquete retenido en aduana,formal,Aviso urgente de paquete retenido en aduana,"Felicitaciones, tu pedido acumula un descuento especial aunque debas regularizar la factura de la cuenta. Te recomendamos urgente que envía tus datos para gestionar el trámite gratis.",aviso urgente paquete retenido aduana felicitaciones pedido acumula descuento especial aunque debas regularizar factura cuenta recomendamos urgente envia datos gestionar tramite gratis,felicitaciones|gratis|urgente|factura|cuenta|descuento|datos
ent_166,ham,una alerta de seguridad real de un banco a su cliente,breve y directo,Notificación de intento de pago,"Hola, queremos avisarte que el equipo de seguridad detectó un intento de pago inusual en tu perfil. Por favor, revisa la actividad reciente para verificar si esa operación fue realizada por ti. Si no reconoces la transacción, contáctanos pronto para bloquearla. Este proceso es clave para mantener tu información protegida. Gracias por tu confianza.",notificacion intento pago hola queremos avisarte equipo seguridad detecto intento pago inusual perfil favor revisa actividad reciente verificar operacion fue realizada no reconoces transaccion contactanos pronto bloquearla proceso clave mantener informacion protegida gracias confianza,equipo|pago
ent_167,spam,un intento de phishing que se hace pasar por un banco,formal,Notificación de acceso exclusivo,Queremos informarte que eres el ganador de una oportunidad única. Puedes obtener dinero gratis sin necesidad de trámites complejos. Este proceso te otorga un acceso exclusivo a nuestras nuevas plataformas de inversión. Confirma tu participación hoy mismo para asegurar tu posición. Revisa los detalles y envía tu confirmación a través del canal oficial.,notificacion acceso exclusivo queremos informarte eres ganador oportunidad unica puedes obtener dinero gratis sin necesidad tramites complejos proceso otorga acceso exclusivo nuevas plataformas inversion confirma participacion hoy mismo asegurar posicion revisa detalles envia confirmacion traves canal oficial,ganador|gratis|dinero|exclusivo
ent_168,spam,un sorteo o lotería falsa que asegura que la persona ganó algo,cercano e informal,Tu acceso exclusivo está listo,"Hola, aquí en ZetaSorteos tenemos una sorpresa para ti. Tu cuenta ha sido seleccionada para recibir un descuento especial. Este acceso exclusivo es completamente gratis y solo por unas horas. Revisa tu perfil y envía tus datos para confirmar. Da clic en el enlace para finalizar el proceso.",acceso exclusivo listo hola aqui zetasorteos tenemos sorpresa cuenta sido seleccionada recibir descuento especial acceso exclusivo completamente gratis solo horas revisa perfil envia datos confirmar da clic enlace finalizar proceso,gratis|exclusivo|cuenta|descuento|datos|clic
ent_169,spam,una oferta fraudulenta demasiado buena para ser verdad,cercano e informal,felicitaciones por tu selección,"¡Hola! Sabemos que has sido seleccionado para esta oportunidad. Por favor, actualiza tus datos para continuar con el proceso. No dejes pasar esta chance de mejorar tu situación. Simplemente, haz clic aquí para completar los pasos finales. Confía en nosotros y actúa hoy mismo. Nos vemos pronto.",felicitaciones seleccion hola sabemos sido seleccionado oportunidad favor actualiza datos continuar proceso no dejes pasar chance mejorar situacion simplemente haz clic aqui completar pasos finales confia nosotros actua hoy mismo vemos pronto,felicitaciones|datos|clic
ent_170,ham,una alerta de seguridad real de un banco a su cliente,formal,Alerta de seguridad: revisión de tu cuenta,"Hemos detectado una actividad atípica en tu cuenta y necesitamos que la revises hoy mismo. Por favor, confirma que el último pago realizado fue efectuado por ti para mantener la integridad de tu perfil.",alerta seguridad revision cuenta hemos detectado actividad atipica cuenta necesitamos revises hoy mismo favor confirma ultimo pago realizado fue efectuado mantener integridad perfil,cuenta|pago
ent_171,spam,una oferta fraudulenta demasiado buena para ser verdad,cercano e informal,Noticia importante de NovaCorp,"Hola, te escribo desde la oficina de Viktor en NovaCorp porque eres el ganador de una selección aleatoria. Hemos identificado una oportunidad para recibir dinero mediante un regalo especial que está esperando tu confirmación. Para activar este pago, solo envía tus datos al formulario interno que adjuntamos. Confirma tu identidad hoy mismo para asegurar tu posición en la lista. Revisa la información antes de proceder.",noticia importante novacorp hola escribo oficina viktor novacorp porque eres ganador seleccion aleatoria hemos identificado oportunidad recibir dinero mediante regalo especial esperando confirmacion activar pago solo envia datos formulario interno adjuntamos confirma identidad hoy mismo asegurar posicion lista revisa informacion antes proceder,ganador|dinero|regalo|pago|datos
ent_172,spam,una oferta fraudulenta demasiado buena para ser verdad,cercano e informal,Oportunidad especial para ti,"Hola, tengo una noticia muy buena para ti. Seleccioné este premio para que lo disfrutes sin complicaciones. Para activarlo, solo confirma tu contraseña y luego da clic en el enlace que te envío. Así podrás tener tu acceso inmediato. No dejes pasar esta oportunidad única. Es una gran ventaja para ti.",oportunidad especial hola tengo noticia muy buena seleccione premio disfrutes sin complicaciones activarlo solo confirma contraseña luego da clic enlace envio asi podras tener acceso inmediato no dejes pasar oportunidad unica gran ventaja,premio|inmediato|clic|contraseña
ent_173,spam,un aviso falso de un paquete retenido en aduana,cercano e informal,Tu paquete está detenido,"¡Hola! Me comunico contigo porque tu envío sigue bloqueado en la aduana. Necesitas que actualiza tus datos para poder liberarlo sin más demoras. Recuerda que esto no implica gastar dinero de tu bolsillo. Por favor, da clic en el enlace que te proporciono ahora mismo. ¡Gracias por tu colaboración!",paquete detenido hola comunico contigo porque envio sigue bloqueado aduana necesitas actualiza datos poder liberarlo sin mas demoras recuerda no implica gastar dinero bolsillo favor da clic enlace proporciono ahora mismo gracias colaboracion,dinero|datos|clic
ent_174,ham,un correo de trabajo entre colegas,cercano e informal,Revisión de datos para el informe,"Hola, ¿cómo andas? Necesito que revises la factura del último servicio que contratamos para la comunidad local. Me gustaría confirmar que el pago ya se procesó correctamente antes de cerrar la semana. También aplica un descuento especial por ser clientes frecuentes, así que aprovecha. Recuerda que nosotros nunca pediremos tus datos personales por este canal. Avísame si todo está en orden para avanzar con el informe final.",revision datos informe hola andas necesito revises factura ultimo servicio contratamos comunidad local gustaria confirmar pago proceso correctamente antes cerrar semana tambien aplica descuento especial ser clientes frecuentes asi aprovecha recuerda nosotros nunca pediremos datos personales canal avisame todo orden avanzar informe final,comunidad|informe|factura|pago|descuento|datos
ent_175,ham,una confirmación de compra de una tienda en línea,cercano e informal,¡Tu pedido está en camino! Detalles de tu compra,"¡Hola! Te escribo de Nube Textil para confirmar que tu pedido ya salió de nuestro almacén. Nuestro equipo está trabajando para que lo recibas pronto y puedas organizar una reunión con tu familia. Recuerda que si tienes dudas, solo revisa el resumen en tu perfil. Como siempre, te recomendamos no hagas clic en enlaces desconocidos para mantener tu seguridad. ¡Gracias por confiar en nosotros y disfruta de tus nuevas prendas!",pedido camino detalles compra hola escribo nube textil confirmar pedido salio almacen equipo trabajando recibas pronto puedas organizar reunion familia recuerda tienes dudas solo revisa resumen perfil siempre recomendamos no hagas clic enlaces desconocidos mantener seguridad gracias confiar nosotros disfruta nuevas prendas,reunion|equipo|clic
ent_176,spam,un cobro falso para que la persona pague o entregue información,breve y directo,Cobro de dinero,Eres el ganador de un premio y debes realizar el pago a nuestra cuenta. Envía tus datos para confirmar la transacción. Haz clic aquí para proceder.,cobro dinero eres ganador premio debes realizar pago cuenta envia datos confirmar transaccion haz clic aqui proceder,ganador|premio|dinero|cuenta|pago|datos|clic
ent_177,ham,una confirmación de compra de una tienda en línea,cercano e informal,Tu pedido está confirmado,"¡Hola! Te confirmo que tu compra se procesó y nuestro equipo ya está preparando el envío. Recuerda revisar nuestras políticas de envío para conocer los plazos estimados. Por tu seguridad, evita hacer clic en enlaces sospechosos si recibes correos similares.",pedido confirmado hola confirmo compra proceso equipo preparando envio recuerda revisar politicas envio conocer plazos estimados seguridad evita hacer clic enlaces sospechosos recibes correos similares,equipo|politicas|clic
ent_178,ham,una alerta de seguridad real de un banco a su cliente,breve y directo,Alerta de seguridad: Revisa tu cuenta,Nuestro equipo ha detectado una actividad inusual en tu cuenta. Debes confirmar tu identidad para mantener el acceso seguro. Estas medidas siguen nuestras políticas de protección. Aprovecha el descuento vigente en servicios digitales. Revisa los detalles ahora mismo.,alerta seguridad revisa cuenta equipo detectado actividad inusual cuenta debes confirmar identidad mantener acceso seguro medidas siguen politicas proteccion aprovecha descuento vigente servicios digitales revisa detalles ahora mismo,equipo|politicas|cuenta|descuento
ent_179,ham,un correo de trabajo entre colegas,breve y directo,Solicitud de verificación de factura,"Hola, necesito que revises la factura que envió el equipo de compras. El pago está programado para esta semana, así que confirma los datos. Recuerda que protegemos tus datos al manejar estos documentos. Por tu seguridad, no hagas clic en enlaces desconocidos. Avísame si todo está correcto para proceder.",solicitud verificacion factura hola necesito revises factura envio equipo compras pago programado semana asi confirma datos recuerda protegemos datos manejar documentos seguridad no hagas clic enlaces desconocidos avisame todo correcto proceder,equipo|factura|pago|datos|clic
ent_180,ham,el boletín informativo de una comunidad u organización,formal,Boletín informativo de Vértice Digital,"La próxima reunión con el equipo se celebrará el viernes. Recuerda que nunca compartas tu contraseña con nadie. Por favor, confirma tu asistencia antes del jueves.",boletin informativo vertice digital proxima reunion equipo celebrara viernes recuerda nunca compartas contraseña nadie favor confirma asistencia antes jueves,reunion|equipo|contraseña
ent_181,spam,un aviso falso de un paquete retenido en aduana,breve y directo,Aviso de retención en aduana,"Tu envío está retenido por falta de verificación. Confirma tus datos para liberar el acceso inmediato. Si eres el ganador, obtienes un regalo. Aplica un descuento al confirmar. El dinero del depósito se devuelve. Hazlo ahora.",aviso retencion aduana envio retenido falta verificacion confirma datos liberar acceso inmediato eres ganador obtienes regalo aplica descuento confirmar dinero deposito devuelve hazlo ahora,ganador|dinero|inmediato|regalo|descuento|datos
ent_182,spam,una oferta fraudulenta demasiado buena para ser verdad,formal,Notificación de ajuste comercial pendiente,"Estimado cliente, te informamos que hay un descuento aplicado a tu solicitud. Por favor, confirma tus datos para completar el proceso. La entidad Vexora Soluciones requiere esta verificación de identidad. No debes compartir esta comunicación con terceros. Agradecemos tu pronta respuesta.",notificacion ajuste comercial pendiente estimado cliente informamos descuento aplicado solicitud favor confirma datos completar proceso entidad vexora soluciones requiere verificacion identidad no debes compartir comunicacion terceros agradecemos pronta respuesta,descuento|datos
ent_183,spam,un sorteo o lotería falsa que asegura que la persona ganó algo,breve y directo,Has sido seleccionado,"Según el registro de la empresa Vexa, eres el ganador de un premio valorado en cinco mil unidades. Para completar la asignación, revisa tu cuenta en el portal de Veritas. El sistema requiere que confirmes tu identidad con un código sencillo. El plazo para reclamar vence al final de esta semana. Si no actúas ahora, perderás la oportunidad de recibir el bien.",sido seleccionado segun registro empresa vexa eres ganador premio valorado cinco mil unidades completar asignacion revisa cuenta portal veritas sistema requiere confirmes identidad codigo sencillo plazo reclamar vence final semana no actuas ahora perderas oportunidad recibir bien,ganador|premio|cuenta
ent_184,spam,un cobro falso para que la persona pague o entregue información,formal,Requerimiento de actualización de información,"Nos comunicamos desde Veritas Global para informarte que eres el ganador de una auditoría interna. Debes confirmar tu identidad mediante el envío de tu documento oficial a la dirección proporcionada. Te pedimos que actualiza tus datos antes de que finalice el plazo establecido. Nuestro gerente, Luis Rivas, supervisa este proceso de validación. Agradecemos tu pronta colaboración para completar este trámite.",requerimiento actualizacion informacion comunicamos veritas global informarte eres ganador auditoria interna debes confirmar identidad mediante envio documento oficial direccion proporcionada pedimos actualiza datos antes finalice plazo establecido gerente luis rivas supervisa proceso validacion agradecemos pronta colaboracion completar tramite,ganador|datos
ent_185,spam,un intento de phishing que se hace pasar por un banco,formal,Alerta urgente: verificación de tu cuenta,"Detectamos una actividad inusual en tu cuenta que requiere atención urgente. Te informamos que eres el ganador de una revisión gratis de tu estado financiero. Para completar la verificación, por favor revisa la factura asociada a tu perfil. Es indispensable que confirmes esta acción ahora mismo para evitar restricciones. Por favor, da clic en el enlace para acceder al portal seguro de VeriBank y resolver este incidente.",alerta urgente verificacion cuenta detectamos actividad inusual cuenta requiere atencion urgente informamos eres ganador revision gratis estado financiero completar verificacion favor revisa factura asociada perfil indispensable confirmes accion ahora mismo evitar restricciones favor da clic enlace acceder portal seguro veribank resolver incidente,ganador|gratis|urgente|factura|cuenta|clic
ent_186,spam,un cobro falso para que la persona pague o entregue información,breve y directo,Acceso exclusivo pendiente,Confirma tu cuenta para activar el descuento gratis de inmediato. Tienes acceso exclusivo a esta oferta en VelozTrade. Revisa esta propuesta hoy.,acceso exclusivo pendiente confirma cuenta activar descuento gratis inmediato tienes acceso exclusivo oferta veloztrade revisa propuesta hoy,gratis|inmediato|exclusivo|cuenta|descuento
ent_187,ham,el boletín informativo de una comunidad u organización,breve y directo,Resumen de la reunión del equipo,"Te comparto las notas de la reunión que tuvimos el jueves. El equipo quedó de revisar la nueva cuenta antes del viernes. Por favor, confirma tu asistencia al próximo encuentro. Si tienes dudas, envía un mensaje directo. Gracias por tu colaboración.",resumen reunion equipo comparto notas reunion tuvimos jueves equipo quedo revisar nueva cuenta antes viernes favor confirma asistencia proximo encuentro tienes dudas envia mensaje directo gracias colaboracion,reunion|equipo|cuenta
ent_188,spam,un cobro falso para que la persona pague o entregue información,formal,Notificación de cobro pendiente por regalo,"Nos dirigimos a ti para informarte sobre una factura asociada a un regalo que no has recibido. Te solicitamos que confirmes la situación actual de este artículo para evitar inconvenientes administrativos. Por favor, da clic en el enlace para completar la verificación de tu identidad. Nuestro departamento de atención al cliente espera tu respuesta para proceder con la revisión final. Agradecemos tu colaboración en este proceso de validación.",notificacion cobro pendiente regalo dirigimos informarte sobre factura asociada regalo no recibido solicitamos confirmes situacion actual articulo evitar inconvenientes administrativos favor da clic enlace completar verificacion identidad departamento atencion cliente espera respuesta proceder revision final agradecemos colaboracion proceso validacion,regalo|factura|clic
ent_189,ham,el boletín informativo de una comunidad u organización,formal,Boletín de la Asociación Verde,Queremos recordarte que la reunión anual se celebrará el próximo viernes. Te pedimos que hagas una cuenta de los temas que deseas tratar. Revisa el orden del día adjunto para que estés preparado. Confirma tu asistencia a través del formulario habilitado. Envía cualquier duda antes del miércoles. Esperamos ver a todos.,boletin asociacion verde queremos recordarte reunion anual celebrara proximo viernes pedimos hagas cuenta temas deseas tratar revisa orden dia adjunto estes preparado confirma asistencia traves formulario habilitado envia cualquier duda antes miercoles esperamos ver todos,reunion|cuenta
ent_190,ham,una confirmación de compra de una tienda en línea,breve y directo,Tu compra en NovaMarket está lista,"Gracias por confirmar tu pago; tu factura digital está disponible en tu cuenta. Si tienes dudas, escribe a soporte@novamarket.example, un servicio gratis de nuestra comunidad.",compra novamarket lista gracias confirmar pago factura digital disponible cuenta tienes dudas escribe soporte novamarket example servicio gratis comunidad,gratis|comunidad|factura|cuenta|pago
ent_191,spam,un cobro falso para que la persona pague o entregue información,cercano e informal,Tu premio gratis te espera,"Oye, ¿qué tal? Te escribo porque hay un premio gratis para ti en la nueva campaña de Zorba Labs. Solo necesito que revises tu perfil y confirmes tu pago para activar la entrega. Si envía tus datos ahora mismo, el proceso es súper sencillo. Confirma que estás al tanto y listo, sin complicaciones. Revisa bien todo antes de cerrar la sesión.",premio gratis espera oye tal escribo porque premio gratis nueva campaña zorba labs solo necesito revises perfil confirmes pago activar entrega envia datos ahora mismo proceso super sencillo confirma tanto listo sin complicaciones revisa bien todo antes cerrar sesion,premio|gratis|pago|datos
ent_192,ham,el boletín informativo de una comunidad u organización,formal,Resumen de actividades y próximas acciones,El equipo de gestión de Valterra ha finalizado la revisión de los documentos internos. Esta reunión servirá para alinear las prioridades con los objetivos del trimestre. Te pedimos que confirmes tu disponibilidad antes del viernes próximo. Las políticas de actualización fueron distribuidas a través del portal interno. Revisa la información detenidamente para evitar cualquier desfase operativo.,resumen actividades proximas acciones equipo gestion valterra finalizado revision documentos internos reunion servira alinear prioridades objetivos trimestre pedimos confirmes disponibilidad antes viernes proximo politicas actualizacion fueron distribuidas traves portal interno revisa informacion detenidamente evitar cualquier desfase operativo,reunion|equipo|politicas
ent_193,spam,un cobro falso para que la persona pague o entregue información,breve y directo,Urgente: Eres el ganador,"Debes actuar de inmediato para reclamar tu premio. El acceso es gratis para todos los elegidos. Por favor, confirma tus datos hoy mismo. Tu caso requiere atención urgente. No pierdas esta oportunidad única. Actúa ya.",urgente eres ganador debes actuar inmediato reclamar premio acceso gratis todos elegidos favor confirma datos hoy mismo caso requiere atencion urgente no pierdas oportunidad unica actua,ganador|premio|gratis|urgente|inmediato|datos
ent_194,spam,una oferta fraudulenta demasiado buena para ser verdad,cercano e informal,Tu bono de inmediato te espera,Tienes acceso exclusivo a tu factura de inmediato. Solo confirma tus datos y te lo enviamos.,bono inmediato espera tienes acceso exclusivo factura inmediato solo confirma datos enviamos,inmediato|exclusivo|factura|datos
ent_195,spam,un intento de phishing que se hace pasar por un banco,breve y directo,Verificación de cuenta,confirma tus datos para mantener tu cuenta activa. Da clic en el enlace para recibir tu premio en dinero y tu regalo.,verificacion cuenta confirma datos mantener cuenta activa da clic enlace recibir premio dinero regalo,premio|dinero|regalo|cuenta|datos|clic
ent_196,spam,un cobro falso para que la persona pague o entregue información,cercano e informal,Felicitaciones: tu regalo gratis espera,¡Felicitaciones! Tu regalo gratis ya está asignado en tu cuenta. Solo confirma tus datos para que podamos procesar tu pago.,felicitaciones regalo gratis espera felicitaciones regalo gratis asignado cuenta solo confirma datos podamos procesar pago,felicitaciones|gratis|regalo|cuenta|pago|datos
ent_197,ham,una alerta de seguridad real de un banco a su cliente,formal,Verificación de actividad,"Revisa si el último pago a la factura es correcto o si fue un regalo no autorizado. Si detectas una anomalía, avísanos para agendar una reunión de aclaración. Tu colaboración nos ayuda a mantener la seguridad.",verificacion actividad revisa ultimo pago factura correcto fue regalo no autorizado detectas anomalia avisanos agendar reunion aclaracion colaboracion ayuda mantener seguridad,regalo|reunion|factura|pago
ent_198,spam,un cobro falso para que la persona pague o entregue información,formal,Notificación oficial de tu recompensa,"Recibe felicitaciones, ya que eres el ganador de un premio exclusivo por tu lealtad. Este regalo es completamente gratis para ti como parte de nuestra promoción especial. Te otorgamos acceso exclusivo a beneficios únicos que pocos conocen. da clic en el enlace para verificar tu identidad y reclamarlo. Confirma tus detalles con la empresa SolVida para completar el proceso. No olvides revisar tu bandeja de entrada en breve.",notificacion oficial recompensa recibe felicitaciones eres ganador premio exclusivo lealtad regalo completamente gratis parte promocion especial otorgamos acceso exclusivo beneficios unicos pocos conocen da clic enlace verificar identidad reclamarlo confirma detalles empresa solvida completar proceso no olvides revisar bandeja entrada breve,felicitaciones|ganador|premio|gratis|exclusivo|regalo|clic
ent_199,spam,un aviso falso de un paquete retenido en aduana,breve y directo,Aviso urgente: tu envío está retenido,Tu paquete está retenido en aduana por un error administrativo. Eres el ganador de un regalo gratis para resolverlo. Tienes acceso exclusivo para confirmar tu identidad. Revisa el estado de tu envío ahora mismo. Envía la solicitud de liberación sin demora.,aviso urgente envio retenido paquete retenido aduana error administrativo eres ganador regalo gratis resolverlo tienes acceso exclusivo confirmar identidad revisa estado envio ahora mismo envia solicitud liberacion sin demora,ganador|gratis|urgente|exclusivo|regalo
ent_200,ham,una confirmación de compra de una tienda en línea,breve y directo,Confirmación de compra en Tienda Solara,"Gracias por confiar en Tienda Solara para tu última adquisición. Hemos procesado tu pedido y generamos la factura correspondiente para que la revises. Además, aplicamos un descuento especial que puedes ver reflejado en el total. Si tienes dudas, puedes agendar una reunión con nuestro personal de atención a través de la comunidad en línea. Esperamos que disfrutes tu compra.",confirmacion compra tienda solara gracias confiar tienda solara ultima adquisicion hemos procesado pedido generamos factura correspondiente revises ademas aplicamos descuento especial puedes ver reflejado total tienes dudas puedes agendar reunion personal atencion traves comunidad linea esperamos disfrutes compra,comunidad|reunion|factura|descuento
